Workbook

Sheet 2025_Draft_team
B2: Round | C2: Pick | D2: Team | E2: PlayerMatch
B3: 1 | C3: 1 | D3: Gatordontplay | E3: {=INDEX('2024_Roster_Offseason'!$I$2:$I$301,MATCH(1,('2025_Draft_team'!$D3='2024_Roster_Offseason'!$A$2:$A$301)*('2025_Draft_team'!$B3='2024_Roster_Offseason'!$P$2:$P$301)*('2024_Roster_Offseason'!$Q$2:$Q$301="Y"),0))} -> #N/A
B4: 1 | C4: 2 | D4: Box of Rocks | E4: {=INDEX('2024_Roster_Offseason'!$I$2:$I$301,MATCH(1,('2025_Draft_team'!$D4='2024_Roster_Offseason'!$A$2:$A$301)*('2025_Draft_team'!$B4='2024_Roster_Offseason'!$P$2:$P$301)*('2024_Roster_Offseason'!$Q$2:$Q$301="Y"),0))} -> #N/A
B5: 1 | C5: 3 | D5: Woody and the Jets! | E5: {=INDEX('2024_Roster_Offseason'!$I$2:$I$301,MATCH(1,('2025_Draft_team'!$D5='2024_Roster_Offseason'!$A$2:$A$301)*('2025_Draft_team'!$B5='2024_Roster_Offseason'!$P$2:$P$301)*('2024_Roster_Offseason'!$Q$2:$Q$301="Y"),0))} -> #N/A
B6: 1 | C6: 4 | D6: Go Go Garrett | E6: {=INDEX('2024_Roster_Offseason'!$I$2:$I$301,MATCH(1,('2025_Draft_team'!$D6='2024_Roster_Offseason'!$A$2:$A$301)*('2025_Draft_team'!$B6='2024_Roster_Offseason'!$P$2:$P$301)*('2024_Roster_Offseason'!$Q$2:$Q$301="Y"),0))} -> #N/A
B7: 1 | C7: 5 | D7: Discount Belichick | E7: {=INDEX('2024_Roster_Offseason'!$I$2:$I$301,MATCH(1,('2025_Draft_team'!$D7='2024_Roster_Offseason'!$A$2:$A$301)*('2025_Draft_team'!$B7='2024_Roster_Offseason'!$P$2:$P$301)*('2024_Roster_Offseason'!$Q$2:$Q$301="Y"),0))} -> #N/A
B8: 1 | C8: 6 | D8: Team 4 | E8: {=INDEX('2024_Roster_Offseason'!$I$2:$I$301,MATCH(1,('2025_Draft_team'!$D8='2024_Roster_Offseason'!$A$2:$A$301)*('2025_Draft_team'!$B8='2024_Roster_Offseason'!$P$2:$P$301)*('2024_Roster_Offseason'!$Q$2:$Q$301="Y"),0))} -> #N/A
B9: 1 | C9: 7 | D9: The Bushwhackers | E9: {=INDEX('2024_Roster_Offseason'!$I$2:$I$301,MATCH(1,('2025_Draft_team'!$D9='2024_Roster_Offseason'!$A$2:$A$301)*('2025_Draft_team'!$B9='2024_Roster_Offseason'!$P$2:$P$301)*('2024_Roster_Offseason'!$Q$2:$Q$301="Y"),0))} -> #N/A
B10: 1 | C10: 8 | D10: Sweet Chin Music | E10: {=INDEX('2024_Roster_Offseason'!$I$2:$I$301,MATCH(1,('2025_Draft_team'!$D10='2024_Roster_Offseason'!$A$2:$A$301)*('2025_Draft_team'!$B10='2024_Roster_Offseason'!$P$2:$P$301)*('2024_Roster_Offseason'!$Q$2:$Q$301="Y"),0))} -> #N/A
B11: 1 | C11: 9 | D11: Fields of Dreams | E11: {=INDEX('2024_Roster_Offseason'!$I$2:$I$301,MATCH(1,('2025_Draft_team'!$D11='2024_Roster_Offseason'!$A$2:$A$301)*('2025_Draft_team'!$B11='2024_Roster_Offseason'!$P$2:$P$301)*('2024_Roster_Offseason'!$Q$2:$Q$301="Y"),0))} -> JaydenDaniels
B12: 1 | C12: 10 | D12: Let Bijans be Bijans | E12: {=INDEX('2024_Roster_Offseason'!$I$2:$I$301,MATCH(1,('2025_Draft_team'!$D12='2024_Roster_Offseason'!$A$2:$A$301)*('2025_Draft_team'!$B12='2024_Roster_Offseason'!$P$2:$P$301)*('2024_Roster_Offseason'!$Q$2:$Q$301="Y"),0))} -> #N/A
B13: 2 | C13: 1 | D13: Gatordontplay | E13: {=INDEX('2024_Roster_Offseason'!$I$2:$I$301,MATCH(1,('2025_Draft_team'!$D13='2024_Roster_Offseason'!$A$2:$A$301)*('2025_Draft_team'!$B13='2024_Roster_Offseason'!$P$2:$P$301)*('2024_Roster_Offseason'!$Q$2:$Q$301="Y"),0))} -> #N/A
B14: 2 | C14: 2 | D14: Box of Rocks | E14: {=INDEX('2024_Roster_Offseason'!$I$2:$I$301,MATCH(1,('2025_Draft_team'!$D14='2024_Roster_Offseason'!$A$2:$A$301)*('2025_Draft_team'!$B14='2024_Roster_Offseason'!$P$2:$P$301)*('2024_Roster_Offseason'!$Q$2:$Q$301="Y"),0))} -> #N/A
... B272: 27 | C272: 10 | D272: Let Bijans be Bijans | E272: {=INDEX('2024_Roster_Offseason'!$I$2:$I$301,MATCH(1,('2025_Draft_team'!$D272='2024_Roster_Offseason'!$A$2:$A$301)*('2025_Draft_team'!$B272='2024_Roster_Offseason'!$P$2:$P$301)*('2024_Roster_Offseason'!$Q$2:$Q$301="Y"),0))} -> #N/A

Sheet 2024_Roster_Offseason
A1: Team | B1: Pos | C1: First | D1: Last | E1: Position | F1: Blank | G1: Team2 | H1: PosRnk | I1: PlayerMatch | J1: Rost | K1: Start | L1: Prd. 22 | M1: Avg | N1: Proj | O1: 2024Transactions | P1: 2025Draft | Q1: Keeper
A2: Box of Rocks | B2: QB | C2: Derek | D2: Carr | E2: QB | F2: | | G2: NO | I2: ='2024_Roster_Offseason'!$C2&'2024_Roster_Offseason'!$D2 -> DerekCarr | J2: 0.36 | K2: 0.05 | L2: 0 | M2: 33.6 | N2: 0 | O2: {=INDEX('2024_Transactions'!$J$2:$J$339,MATCH(1,('2024_Transactions'!$C$2:$C$339='2024_Roster_Offseason'!$I2)*('2024_Roster_Offseason'!$A2='2024_Transactions'!$B$2:$B$339),0))} -> #N/A | P2: {=INDEX('2024_Draft_team'!$J$2:$J$271,MATCH(1,('2024_Roster_Offseason'!$I2='2024_Draft_team'!$Q$2:$Q$271)*('2024_Roster_Offseason'!$A2='2024_Draft_team'!$B$2:$B$271),0))} -> 6 | Q2: N
A3: Box of Rocks | B3: QB | C3: Brock | D3: Purdy | E3: QB | F3: | | G3: SF | I3: ='2024_Roster_Offseason'!$C3&'2024_Roster_Offseason'!$D3 -> BrockPurdy | J3: 0.94 | K3: 0.48 | L3: 0 | M3: 38.07 | N3: 0 | O3: {=INDEX('2024_Transactions'!$J$2:$J$339,MATCH(1,('2024_Transactions'!$C$2:$C$339='2024_Roster_Offseason'!$I3)*('2024_Roster_Offseason'!$A3='2024_Transactions'!$B$2:$B$339),0))} -> #N/A | P3: {=INDEX('2024_Draft_team'!$J$2:$J$271,MATCH(1,('2024_Roster_Offseason'!$I3='2024_Draft_team'!$Q$2:$Q$271)*('2024_Roster_Offseason'!$A3='2024_Draft_team'!$B$2:$B$271),0))} -> 8 | Q3: Y
A4: Box of Rocks | B4: RB | C4: Nick | D4: Chubb | E4: RB | F4: | | G4: CLE | I4: ='2024_Roster_Offseason'!$C4&'2024_Roster_Offseason'!$D4 -> NickChubb | J4: 0.74 | K4: 0.19 | L4: 0 | M4: 13.38 | N4: 0 | O4: {=INDEX('2024_Transactions'!$J$2:$J$339,MATCH(1,('2024_Transactions'!$C$2:$C$339='2024_Roster_Offseason'!$I4)*('2024_Roster_Offseason'!$A4='2024_Transactions'!$B$2:$B$339),0))} -> #N/A | P4: {=INDEX('2024_Draft_team'!$J$2:$J$271,MATCH(1,('2024_Roster_Offseason'!$I4='2024_Draft_team'!$Q$2:$Q$271)*('2024_Roster_Offseason'!$A4='2024_Draft_team'!$B$2:$B$271),0))} -> 16 | Q4: N
A5: Box of Rocks | B5: RB | C5: Josh | D5: Jacobs | E5: RB | F5: | | G5: GB | I5: ='2024_Roster_Offseason'!$C5&'2024_Roster_Offseason'!$D5 -> JoshJacobs | J5: 1 | K5: 0.98 | L5: 0 | M5: 30.06 | N5: 0 | O5: {=INDEX('2024_Transactions'!$J$2:$J$339,MATCH(1,('2024_Transactions'!$C$2:$C$339='2024_Roster_Offseason'!$I5)*('2024_Roster_Offseason'!$A5='2024_Transactions'!$B$2:$B$339),0))} -> #N/A | P5: {=INDEX('2024_Draft_team'!$J$2:$J$271,MATCH(1,('2024_Roster_Offseason'!$I5='2024_Draft_team'!$Q$2:$Q$271)*('2024_Roster_Offseason'!$A5='2024_Draft_team'!$B$2:$B$271),0))} -> 1 | Q5: N
A6: Box of Rocks | B6: WR-TE | C6: Davante | D6: Adams | E6: WR-TE | F6: | | G6: NYJ | I6: ='2024_Roster_Offseason'!$C6&'2024_Roster_Offseason'!$D6 -> DavanteAdams | J6: 1 | K6: 0.88 | L6: 0 | M6: 27 | N6: 0 | O6: {=INDEX('2024_Transactions'!$J$2:$J$339,MATCH(1,('2024_Transactions'!$C$2:$C$339='2024_Roster_Offseason'!$I6)*('2024_Roster_Offseason'!$A6='2024_Transactions'!$B$2:$B$339),0))} -> #N/A | P6: {=INDEX('2024_Draft_team'!$J$2:$J$271,MATCH(1,('2024_Roster_Offseason'!$I6='2024_Draft_team'!$Q$2:$Q$271)*('2024_Roster_Offseason'!$A6='2024_Draft_team'!$B$2:$B$271),0))} -> 3 | Q6: N
A7: Box of Rocks | B7: WR-TE | C7: Jauan | D7: Jennings | E7: WR-TE | F7: | | G7: SF | I7: ='2024_Roster_Offseason'!$C7&'2024_Roster_Offseason'!$D7 -> JauanJennings | J7: 0.94 | K7: 0.61 | L7: 0 | M7: 22.13 | N7: 0 | O7: {=INDEX('2024_Transactions'!$J$2:$J$339,MATCH(1,('2024_Transactions'!$C$2:$C$339='2024_Roster_Offseason'!$I7)*('2024_Roster_Offseason'!$A7='2024_Transactions'!$B$2:$B$339),0))} -> Signed | P7: {=IFERROR(INDEX('2024_Draft_team'!$J$2:$J$271,MATCH(1,('2024_Roster_Offseason'!$I7='2024_Draft_team'!$Q$2:$Q$271)*('2024_Roster_Offseason'!$A7='2024_Draft_team'!$B$2:$B$271),0)),15)} -> 15 | Q7: Y
A8: Box of Rocks | B8: WR-TE | C8: Quentin | D8: Johnston | E8: WR-TE | F8: | | G8: LAC | I8: ='2024_Roster_Offseason'!$C8&'2024_Roster_Offseason'!$D8 -> QuentinJohnston | J8: 0.8 | K8: 0.28 | L8: 0 | M8: 18.93 | N8: 0 | O8: {=INDEX('2024_Transactions'!$J$2:$J$339,MATCH(1,('2024_Transactions'!$C$2:$C$339='2024_Roster_Offseason'!$I8)*('2024_Roster_Offseason'!$A8='2024_Transactions'!$B$2:$B$339),0))} -> Signed | P8: {=IFERROR(INDEX('2024_Draft_team'!$J$2:$J$271,MATCH(1,('2024_Roster_Offseason'!$I8='2024_Draft_team'!$Q$2:$Q$271)*('2024_Roster_Offseason'!$A8='2024_Draft_team'!$B$2:$B$271),0)),15)} -> 15 | Q8: N
A9: Box of Rocks | B9: K | C9: Jason | D9: Sanders | E9: K | F9: | | G9: MIA | I9: ='2024_Roster_Offseason'!$C9&'2024_Roster_Offseason'!$D9 -> JasonSanders | J9: 0.87 | K9: 0.73 | L9: 0 | M9: 20.18 | N9: 0 | O9: {=INDEX('2024_Transactions'!$J$2:$J$339,MATCH(1,('2024_Transactions'!$C$2:$C$339='2024_Roster_Offseason'!$I9)*('2024_Roster_Offseason'!$A9='2024_Transactions'!$B$2:$B$339),0))} -> Signed | P9: {=IFERROR(INDEX('2024_Draft_team'!$J$2:$J$271,MATCH(1,('2024_Roster_Offseason'!$I9='2024_Draft_team'!$Q$2:$Q$271)*('2024_Roster_Offseason'!$A9='2024_Draft_team'!$B$2:$B$271),0)),15)} -> 15 | Q9: N
A10: Box of Rocks | B10: DL-LB-DB | C10: Jessie | D10: Bates | E10: III | F10: DL-LB-DB | G10: | | H10: ATL | I10: ='2024_Roster_Offseason'!$C10&'2024_Roster_Offseason'!$D10&'2024_Roster_Offseason'!$E10 -> JessieBatesIII | J10: 0.64 | K10: 0.52 | L10: 0 | M10: 19.76 | N10: 0 | O10: {=INDEX('2024_Transactions'!$J$2:$J$339,MATCH(1,('2024_Transactions'!$C$2:$C$339='2024_Roster_Offseason'!$I10)*('2024_Roster_Offseason'!$A10='2024_Transactions'!$B$2:$B$339),0))} -> #N/A | P10: {=INDEX('2024_Draft_team'!$J$2:$J$271,MATCH(1,('2024_Roster_Offseason'!$I10='2024_Draft_team'!$Q$2:$Q$271)*('2024_Roster_Offseason'!$A10='2024_Draft_team'!$B$2:$B$271),0))} -> 11 | Q10: Y
A11: Box of Rocks | B11: DL-LB-DB | C11: Kevin | D11: Byard | E11: DL-LB-DB | F11: | | G11: CHI | I11: ='2024_Roster_Offseason'!$C11&'2024_Roster_Offseason'!$D11 -> KevinByard | J11: 0.54 | K11: 0.45 | L11: 0 | M11: 20.82 | N11: 0 | O11: {=INDEX('2024_Transactions'!$J$2:$J$339,MATCH(1,('2024_Transactions'!$C$2:$C$339='2024_Roster_Offseason'!$I11)*('2024_Roster_Offseason'!$A11='2024_Transactions'!$B$2:$B$339),0))} -> Signed | P11: {=IFERROR(INDEX('2024_Draft_team'!$J$2:$J$271,MATCH(1,('2024_Roster_Offseason'!$I11='2024_Draft_team'!$Q$2:$Q$271)*('2024_Roster_Offseason'!$A11='2024_Draft_team'!$B$2:$B$271),0)),15)} -> 15 | Q11: N
A12: Box of Rocks | B12: DL-LB-DB | C12: Grant | D12: Delpit | E12: DL-LB-DB | F12: | | G12: CLE | I12: ='2024_Roster_Offseason'!$C12&'2024_Roster_Offseason'!$D12 -> GrantDelpit | J12: 0.55 | K12: 0.47 | L12: 0 | M12: 17.19 | N12: 0 | O12: {=INDEX('2024_Transactions'!$J$2:$J$339,MATCH(1,('2024_Transactions'!$C$2:$C$339='2024_Roster_Offseason'!$I12)*('2024_Roster_Offseason'!$A12='2024_Transactions'!$B$2:$B$339),0))} -> #N/A | P12: {=INDEX('2024_Draft_team'!$J$2:$J$271,MATCH(1,('2024_Roster_Offseason'!$I12='2024_Draft_team'!$Q$2:$Q$271)*('2024_Roster_Offseason'!$A12='2024_Draft_team'!$B$2:$B$271),0))} -> 18 | Q12: N
A13: Box of Rocks | B13: DL-LB-DB | C13: Amani | D13: Hooker | E13: DL-LB-DB | F13: | | G13: TEN | I13: ='2024_Roster_Offseason'!$C13&'2024_Roster_Offseason'!$D13 -> AmaniHooker | J13: 0.66 | K13: 0.47 | L13: 0 | M13: 19.14 | N13: 0 | O13: {=INDEX('2024_Transactions'!$J$2:$J$339,MATCH(1,('2024_Transactions'!$C$2:$C$339='2024_Roster_Offseason'!$I13)*('2024_Roster_Offseason'!$A13='2024_Transactions'!$B$2:$B$339),0))} -> #N/A | P13: {=INDEX('2024_Draft_team'!$J$2:$J$271,MATCH(1,('2024_Roster_Offseason'!$I13='2024_Draft_team'!$Q$2:$Q$271)*('2024_Roster_Offseason'!$A13='2024_Draft_team'!$B$2:$B$271),0))} -> 9 | Q13: N
A14: Box of Rocks | B14: DL-LB-DB | C14: Xavier | D14: McKinney | E14: DL-LB-DB | F14: | | G14: GB | I14: ='2024_Roster_Offseason'!$C14&'2024_Roster_Offseason'!$D14 -> XavierMcKinney | J14: 0.73 | K14: 0.64 | L14: 0 | M14: 22.06 | N14: 0 | O14: {=INDEX('2024_Transactions'!$J$2:$J$339,MATCH(1,('2024_Transactions'!$C$2:$C$339='2024_Roster_Offseason'!$I14)*('2024_Roster_Offseason'!$A14='2024_Transactions'!$B$2:$B$339),0))} -> #N/A | P14: {=INDEX('2024_Draft_team'!$J$2:$J$271,MATCH(1,('2024_Roster_Offseason'!$I14='2024_Draft_team'!$Q$2:$Q$271)*('2024_Roster_Offseason'!$A14='2024_Draft_team'!$B$2:$B$271),0))} -> 10 | Q14: N
A15: Box of Rocks | B15: DL-LB-DB | C15: Trevon | D15: Moehrig | E15: DL-LB-DB | F15: | | G15: LV | I15: ='2024_Roster_Offseason'!$C15&'2024_Roster_Offseason'!$D15 -> TrevonMoehrig | J15: 0.38 | K15: 0.3 | L15: 0 | M15: 18 | N15: 0 | O15: {=INDEX('2024_Transactions'!$J$2:$J$339,MATCH(1,('2024_Transactions'!$C$2:$C$339='2024_Roster_Offseason'!$I15)*('2024_Roster_Offseason'!$A15='2024_Transactions'!$B$2:$B$339),0))} -> Signed | P15: {=IFERROR(INDEX('2024_Draft_team'!$J$2:$J$271,MATCH(1,('2024_Roster_Offseason'!$I15='2024_Draft_team'!$Q$2:$Q$271)*('2024_Roster_Offseason'!$A15='2024_Draft_team'!$B$2:$B$271),0)),15)} -> 15 | Q15: N
A16: Box of Rocks | B16: DL-LB-DB | C16: Byron | D16: Murphy | E16: DL-LB-DB | F16: | | G16: MIN | I16: ='2024_Roster_Offseason'!$C16&'2024_Roster_Offseason'!$D16 -> ByronMurphy | J16: 0.28 | K16: 0.21 | L16: 0 | M16: 20.29 | N16: 0 | O16: {=INDEX('2024_Transactions'!$J$2:$J$339,MATCH(1,('2024_Transactions'!$C$2:$C$339='2024_Roster_Offseason'!$I16)*('2024_Roster_Offseason'!$A16='2024_Transactions'!$B$2:$B$339),0))} -> Signed | P16: {=IFERROR(INDEX('2024_Draft_team'!$J$2:$J$271,MATCH(1,('2024_Roster_Offseason'!$I16='2024_Draft_team'!$Q$2:$Q$271)*('2024_Roster_Offseason'!$A16='2024_Draft_team'!$B$2:$B$271),0)),15)} -> 15 | Q16: N
A17: Box of Rocks | B17: QB | C17: Tommy | D17: DeVito | E17: QB | F17: | | G17: NYG | I17: ='2024_Roster_Offseason'!$C17&'2024_Roster_Offseason'!$D17 -> TommyDeVito | J17: 0.06 | K17: 0.01 | L17: 0 | M17: 11.67 | N17: 0 | O17: {=INDEX('2024_Transactions'!$J$2:$J$339,MATCH(1,('2024_Transactions'!$C$2:$C$339='2024_Roster_Offseason'!$I17)*('2024_Roster_Offseason'!$A17='2024_Transactions'!$B$2:$B$339),0))} -> Signed | P17: {=IFERROR(INDEX('2024_Draft_team'!$J$2:$J$271,MATCH(1,('2024_Roster_Offseason'!$I17='2024_Draft_team'!$Q$2:$Q$271)*('2024_Roster_Offseason'!$A17='2024_Draft_team'!$B$2:$B$271),0)),15)} -> 15 | Q17: N
A18: Box of Rocks | B18: QB | C18: Jameis | D18: Winston | E18: QB | F18: | | G18: CLE | I18: ='2024_Roster_Offseason'!$C18&'2024_Roster_Offseason'!$D18 -> JameisWinston | J18: 0.34 | K18: 0.07 | L18: 0 | M18: 24 | N18: 0 | O18: {=INDEX('2024_Transactions'!$J$2:$J$339,MATCH(1,('2024_Transactions'!$C$2:$C$339='2024_Roster_Offseason'!$I18)*('2024_Roster_Offseason'!$A18='2024_Transactions'!$B$2:$B$339),0))} -> Signed | P18: {=IFERROR(INDEX('2024_Draft_team'!$J$2:$J$271,MATCH(1,('2024_Roster_Offseason'!$I18='2024_Draft_team'!$Q$2:$Q$271)*('2024_Roster_Offseason'!$A18='2024_Draft_team'!$B$2:$B$271),0)),15)} -> 15 | Q18: N
A19: Box of Rocks | B19: RB | C19: Rico | D19: Dowdle | E19: RB | F19: | | G19: DAL | I19: ='2024_Roster_Offseason'!$C19&'2024_Roster_Offseason'!$D19 -> RicoDowdle | J19: 0.97 | K19: 0.75 | L19: 0 | M19: 19.5 | N19: 0 | O19: {=INDEX('2024_Transactions'!$J$2:$J$339,MATCH(1,('2024_Transactions'!$C$2:$C$339='2024_Roster_Offseason'!$I19)*('2024_Roster_Offseason'!$A19='2024_Transactions'!$B$2:$B$339),0))} -> #N/A | P19: {=INDEX('2024_Draft_team'!$J$2:$J$271,MATCH(1,('2024_Roster_Offseason'!$I19='2024_Draft_team'!$Q$2:$Q$271)*('2024_Roster_Offseason'!$A19='2024_Draft_team'!$B$2:$B$271),0))} -> 19 | Q19: N
A20: Box of Rocks | B20: RB | C20: Kareem | D20: Hunt | E20: RB | F20: | | G20: KC | I20: ='2024_Roster_Offseason'!$C20&'2024_Roster_Offseason'!$D20 -> KareemHunt | J20: 0.8 | K20: 0.17 | L20: 1 | M20: 21.77 | N20: 0 | O20: {=INDEX('2024_Transactions'!$J$2:$J$339,MATCH(1,('2024_Transactions'!$C$2:$C$339='2024_Roster_Offseason'!$I20)*('2024_Roster_Offseason'!$A20='2024_Transactions'!$B$2:$B$339),0))} -> Signed | P20: {=IFERROR(INDEX('2024_Draft_team'!$J$2:$J$271,MATCH(1,('2024_Roster_Offseason'!$I20='2024_Draft_team'!$Q$2:$Q$271)*('2024_Roster_Offseason'!$A20='2024_Draft_team'!$B$2:$B$271),0)),15)} -> 15 | Q20: N
A21: Box of Rocks | B21: WR-TE | C21: Amari | D21: Cooper | E21: WR-TE | F21: | | G21: BUF | I21: ='2024_Roster_Offseason'!$C21&'2024_Roster_Offseason'!$D21 -> AmariCooper | J21: 0.91 | K21: 0.31 | L21: 0 | M21: 16.07 | N21: 0 | O21: {=INDEX('2024_Transactions'!$J$2:$J$339,MATCH(1,('2024_Transactions'!$C$2:$C$339='2024_Roster_Offseason'!$I21)*('2024_Roster_Offseason'!$A21='2024_Transactions'!$B$2:$B$339),0))} -> #N/A | P21: {=INDEX('2024_Draft_team'!$J$2:$J$271,MATCH(1,('2024_Roster_Offseason'!$I21='2024_Draft_team'!$Q$2:$Q$271)*('2024_Roster_Offseason'!$A21='2024_Draft_team'!$B$2:$B$271),0))} -> 7 | Q21: N
A22: Box of Rocks | B22: WR-TE | C22: Allen | D22: Lazard | E22: WR-TE | F22: | | G22: NYJ | I22: ='2024_Roster_Offseason'!$C22&'2024_Roster_Offseason'!$D22 -> AllenLazard | J22: 0.22 | K22: 0.03 | L22: 0 | M22: 17.33 | N22: 0 | O22: {=INDEX('2024_Transactions'!$J$2:$J$339,MATCH(1,('2024_Transactions'!$C$2:$C$339='2024_Roster_Offseason'!$I22)*('2024_Roster_Offseason'!$A22='2024_Transactions'!$B$2:$B$339),0))} -> Signed | P22: {=IFERROR(INDEX('2024_Draft_team'!$J$2:$J$271,MATCH(1,('2024_Roster_Offseason'!$I22='2024_Draft_team'!$Q$2:$Q$271)*('2024_Roster_Offseason'!$A22='2024_Draft_team'!$B$2:$B$271),0)),15)} -> 15 | Q22: N
A23: Box of Rocks | B23: WR-TE | C23: Terry | D23: McLaurin | E23: WR-TE | F23: | | G23: WAS | I23: ='2024_Roster_Offseason'!$C23&'2024_Roster_Offseason'!$D23 -> TerryMcLaurin | J23: 0.99 | K23: 0.84 | L23: 0 | M23: 30.53 | N23: 0 | O23: {=INDEX('2024_Transactions'!$J$2:$J$339,MATCH(1,('2024_Transactions'!$C$2:$C$339='2024_Roster_Offseason'!$I23)*('2024_Roster_Offseason'!$A23='2024_Transactions'!$B$2:$B$339),0))} -> #N/A | P23: {=INDEX('2024_Draft_team'!$J$2:$J$271,MATCH(1,('2024_Roster_Offseason'!$I23='2024_Draft_team'!$Q$2:$Q$271)*('2024_Roster_Offseason'!$A23='2024_Draft_team'!$B$2:$B$271),0))} -> 13 | Q23: Y
A24: Box of Rocks | B24: DL-LB-DB | C24: Chamarri | D24: Conner | E24: DL-LB-DB | F24: | | G24: KC | I24: ='2024_Roster_Offseason'!$C24&'2024_Roster_Offseason'!$D24 -> ChamarriConner | J24: 0.15 | K24: 0.07 | L24: 16 | M24: 21.4 | N24: 0 | O24: {=INDEX('2024_Transactions'!$J$2:$J$339,MATCH(1,('2024_Transactions'!$C$2:$C$339='2024_Roster_Offseason'!$I24)*('2024_Roster_Offseason'!$A24='2024_Transactions'!$B$2:$B$339),0))} -> Signed | P24: {=IFERROR(INDEX('2024_Draft_team'!$J$2:$J$271,MATCH(1,('2024_Roster_Offseason'!$I24='2024_Draft_team'!$Q$2:$Q$271)*('2024_Roster_Offseason'!$A24='2024_Draft_team'!$B$2:$B$271),0)),15)} -> 15 | Q24: N
A25: Box of Rocks | B25: DL-LB-DB | C25: Brandon | D25: Jones | E25: DL-LB-DB | F25: | | G25: DEN | I25: ='2024_Roster_Offseason'!$C25&'2024_Roster_Offseason'!$D25 -> BrandonJones | J25: 0.73 | K25: 0.58 | L25: 0 | M25: 22.62 | N25: 0 | O25: {=INDEX('2024_Transactions'!$J$2:$J$339,MATCH(1,('2024_Transactions'!$C$2:$C$339='2024_Roster_Offseason'!$I25)*('2024_Roster_Offseason'!$A25='2024_Transactions'!$B$2:$B$339),0))} -> Signed | P25: {=IFERROR(INDEX('2024_Draft_team'!$J$2:$J$271,MATCH(1,('2024_Roster_Offseason'!$I25='2024_Draft_team'!$Q$2:$Q$271)*('2024_Roster_Offseason'!$A25='2024_Draft_team'!$B$2:$B$271),0)),15)} -> 15 | Q25: N
A26: Box of Rocks | B26: DL-LB-DB | C26: Jaylon | D26: Jones | E26: DL-LB-DB | F26: | | G26: IND | I26: ='2024_Roster_Offseason'!$C26&'2024_Roster_Offseason'!$D26 -> JaylonJones | J26: 0.2 | K26: 0.06 | L26: 0 | M26: 17.24 | N26: 0 | O26: {=INDEX('2024_Transactions'!$J$2:$J$339,MATCH(1,('2024_Transactions'!$C$2:$C$339='2024_Roster_Offseason'!$I26)*('2024_Roster_Offseason'!$A26='2024_Transactions'!$B$2:$B$339),0))} -> Signed | P26: {=IFERROR(INDEX('2024_Draft_team'!$J$2:$J$271,MATCH(1,('2024_Roster_Offseason'!$I26='2024_Draft_team'!$Q$2:$Q$271)*('2024_Roster_Offseason'!$A26='2024_Draft_team'!$B$2:$B$271),0)),15)} -> 15 | Q26: N
A27: Box of Rocks | B27: DL-LB-DB | C27: Kayvon | D27: Thibodeaux | E27: DL-LB-DB | F27: | | G27: NYG | I27: ='2024_Roster_Offseason'!$C27&'2024_Roster_Offseason'!$D27 -> KayvonThibodeaux | J27: 0.31 | K27: 0.17 | L27: 0 | M27: 11 | N27: 0 | O27: {=INDEX('2024_Transactions'!$J$2:$J$339,MATCH(1,('2024_Transactions'!$C$2:$C$339='2024_Roster_Offseason'!$I27)*('2024_Roster_Offseason'!$A27='2024_Transactions'!$B$2:$B$339),0))} -> #N/A | P27: {=INDEX('2024_Draft_team'!$J$2:$J$271,MATCH(1,('2024_Roster_Offseason'!$I27='2024_Draft_team'!$Q$2:$Q$271)*('2024_Roster_Offseason'!$A27='2024_Draft_team'!$B$2:$B$271),0))} -> 7 | Q27: N
A28: Box of Rocks | B28: DL-LB-DB | C28: Devon | D28: Witherspoon | E28: DL-LB-DB | F28: | | G28: SEA | I28: ='2024_Roster_Offseason'!$C28&'2024_Roster_Offseason'!$D28 -> DevonWitherspoon | J28: 0.4 | K28: 0.27 | L28: 0 | M28: 15.94 | N28: 0 | O28: {=INDEX('2024_Transactions'!$J$2:$J$339,MATCH(1,('2024_Transactions'!$C$2:$C$339='2024_Roster_Offseason'!$I28)*('2024_Roster_Offseason'!$A28='2024_Transactions'!$B$2:$B$339),0))} -> #N/A | P28: {=INDEX('2024_Draft_team'!$J$2:$J$271,MATCH(1,('2024_Roster_Offseason'!$I28='2024_Draft_team'!$Q$2:$Q$271)*('2024_Roster_Offseason'!$A28='2024_Draft_team'!$B$2:$B$271),0))} -> 18 | Q28: Y
A29: Box of Rocks | B29: QB | C29: Dak | D29: Prescott | E29: QB | F29: | | G29: DAL | I29: ='2024_Roster_Offseason'!$C29&'2024_Roster_Offseason'!$D29 -> DakPrescott | J29: 0.2 | K29: 0.03 | L29: 0 | M29: 33.88 | N29: 0 | O29: {=INDEX('2024_Transactions'!$J$2:$J$339,MATCH(1,('2024_Transactions'!$C$2:$C$339='2024_Roster_Offseason'!$I29)*('2024_Roster_Offseason'!$A29='2024_Transactions'!$B$2:$B$339),0))} -> #N/A | P29: {=INDEX('2024_Draft_team'!$J$2:$J$271,MATCH(1,('2024_Roster_Offseason'!$I29='2024_Draft_team'!$Q$2:$Q$271)*('2024_Roster_Offseason'!$A29='2024_Draft_team'!$B$2:$B$271),0))} -> N/A | Q29: N
A30: Box of Rocks | B30: RB | C30: Christian | D30: McCaffrey | E30: RB | F30: | | G30: SF | I30: ='2024_Roster_Offseason'!$C30&'2024_Roster_Offseason'!$D30 -> ChristianMcCaffrey | J30: 0.58 | K30: 0.07 | L30: 0 | M30: 16 | N30: 0 | O30: {=INDEX('2024_Transactions'!$J$2:$J$339,MATCH(1,('2024_Transactions'!$C$2:$C$339='2024_Roster_Offseason'!$I30)*('2024_Roster_Offseason'!$A30='2024_Transactions'!$B$2:$B$339),0))} -> #N/A | P30: {=INDEX('2024_Draft_team'!$J$2:$J$271,MATCH(1,('2024_Roster_Offseason'!$I30='2024_Draft_team'!$Q$2:$Q$271)*('2024_Roster_Offseason'!$A30='2024_Draft_team'!$B$2:$B$271),0))} -> N/A | Q30: N
A31: Box of Rocks | B31: WR-TE | C31: Rashid | D31: Shaheed | E31: WR-TE | F31: | | G31: NO | I31: ='2024_Roster_Offseason'!$C31&'2024_Roster_Offseason'!$D31 -> RashidShaheed | J31: 0.15 | K31: 0.01 | L31: 0 | M31: 21 | N31: 0 | O31: {=INDEX('2024_Transactions'!$J$2:$J$339,MATCH(1,('2024_Transactions'!$C$2:$C$339='2024_Roster_Offseason'!$I31)*('2024_Roster_Offseason'!$A31='2024_Transactions'!$B$2:$B$339),0))} -> Signed | P31: {=IFERROR(INDEX('2024_Draft_team'!$J$2:$J$271,MATCH(1,('2024_Roster_Offseason'!$I31='2024_Draft_team'!$Q$2:$Q$271)*('2024_Roster_Offseason'!$A31='2024_Draft_team'!$B$2:$B$271),0)),15)} -> 15 | Q31: N
A32: Box of Rocks | B32: DL-LB-DB | C32: Daxton | D32: Hill | E32: DL-LB-DB | F32: | | G32: CIN | I32: ='2024_Roster_Offseason'!$C32&'2024_Roster_Offseason'!$D32 -> DaxtonHill | J32: 0.07 | K32: 0.01 | L32: 0 | M32: 16.2 | N32: 0 | O32: {=INDEX('2024_Transactions'!$J$2:$J$339,MATCH(1,('2024_Transactions'!$C$2:$C$339='2024_Roster_Offseason'!$I32)*('2024_Roster_Offseason'!$A32='2024_Transactions'!$B$2:$B$339),0))} -> #N/A | P32: {=INDEX('2024_Draft_team'!$J$2:$J$271,MATCH(1,('2024_Roster_Offseason'!$I32='2024_Draft_team'!$Q$2:$Q$271)*('2024_Roster_Offseason'!$A32='2024_Draft_team'!$B$2:$B$271),0))} -> 24 | Q32: N
A33: Box of Rocks | B33: DL-LB-DB | C33: Alex | D33: Singleton | E33: DL-LB-DB | F33: | | G33: DEN | I33: ='2024_Roster_Offseason'!$C33&'2024_Roster_Offseason'!$D33 -> AlexSingleton | J33: 0.23 | K33: 0.03 | L33: 0 | M33: 28 | N33: 0 | O33: {=INDEX('2024_Transactions'!$J$2:$J$339,MATCH(1,('2024_Transactions'!$C$2:$C$339='2024_Roster_Offseason'!$I33)*('2024_Roster_Offseason'!$A33='2024_Transactions'!$B$2:$B$339),0))} -> #N/A | P33: {=INDEX('2024_Draft_team'!$J$2:$J$271,MATCH(1,('2024_Roster_Offseason'!$I33='2024_Draft_team'!$Q$2:$Q$271)*('2024_Roster_Offseason'!$A33='2024_Draft_team'!$B$2:$B$271),0))} -> 4 | Q33: N
A34: Discount Belichick | B34: QB | C34: Jalen | D34: Hurts | E34: QB | F34: | | G34: PHI | I34: ='2024_Roster_Offseason'!$C34&'2024_Roster_Offseason'!$D34 -> JalenHurts | J34: 0.97 | K34: 0.59 | L34: 58 | M34: 57.13 | N34: 0 | O34: {=INDEX('2024_Transactions'!$J$2:$J$339,MATCH(1,('2024_Transactions'!$C$2:$C$339='2024_Roster_Offseason'!$I34)*('2024_Roster_Offseason'!$A34='2024_Transactions'!$B$2:$B$339),0))} -> #N/A | P34: {=INDEX('2024_Draft_team'!$J$2:$J$271,MATCH(1,('2024_Roster_Offseason'!$I34='2024_Draft_team'!$Q$2:$Q$271)*('2024_Roster_Offseason'!$A34='2024_Draft_team'!$B$2:$B$271),0))} -> N/A | Q34: N
A35: Discount Belichick | B35: QB | C35: Bo | D35: Nix | E35: QB | F35: | | G35: DEN | I35: ='2024_Roster_Offseason'!$C35&'2024_Roster_Offseason'!$D35 -> BoNix | J35: 0.95 | K35: 0.5 | L35: 0 | M35: 43.76 | N35: 0 | O35: {=INDEX('2024_Transactions'!$J$2:$J$339,MATCH(1,('2024_Transactions'!$C$2:$C$339='2024_Roster_Offseason'!$I35)*('2024_Roster_Offseason'!$A35='2024_Transactions'!$B$2:$B$339),0))} -> #N/A | P35: {=INDEX('2024_Draft_team'!$J$2:$J$271,MATCH(1,('2024_Roster_Offseason'!$I35='2024_Draft_team'!$Q$2:$Q$271)*('2024_Roster_Offseason'!$A35='2024_Draft_team'!$B$2:$B$271),0))} -> 22 | Q35: Y
A36: Discount Belichick | B36: RB | C36: Breece | D36: Hall | E36: RB | F36: | | G36: NYJ | I36: ='2024_Roster_Offseason'!$C36&'2024_Roster_Offseason'!$D36 -> BreeceHall | J36: 0.99 | K36: 0.67 | L36: 0 | M36: 21.94 | N36: 0 | O36: {=INDEX('2024_Transactions'!$J$2:$J$339,MATCH(1,('2024_Transactions'!$C$2:$C$339='2024_Roster_Offseason'!$I36)*('2024_Roster_Offseason'!$A36='2024_Transactions'!$B$2:$B$339),0))} -> #N/A | P36: {=INDEX('2024_Draft_team'!$J$2:$J$271,MATCH(1,('2024_Roster_Offseason'!$I36='2024_Draft_team'!$Q$2:$Q$271)*('2024_Roster_Offseason'!$A36='2024_Draft_team'!$B$2:$B$271),0))} -> 4 | Q36: Y
A37: Discount Belichick | B37: RB | C37: Tyrone | D37: Tracy | E37: Jr. | F37: RB | G37: | | H37: NYG | I37: ='2024_Roster_Offseason'!$C37&'2024_Roster_Offseason'!$D37&'2024_Roster_Offseason'!$E37 -> TyroneTracyJr. | J37: 0.95 | K37: 0.48 | L37: 0 | M37: 16.06 | N37: 0 | O37: {=INDEX('2024_Transactions'!$J$2:$J$339,MATCH(1,('2024_Transactions'!$C$2:$C$339='2024_Roster_Offseason'!$I37)*('2024_Roster_Offseason'!$A37='2024_Transactions'!$B$2:$B$339),0))} -> #N/A | P37: {=INDEX('2024_Draft_team'!$J$2:$J$271,MATCH(1,('2024_Roster_Offseason'!$I37='2024_Draft_team'!$Q$2:$Q$271)*('2024_Roster_Offseason'!$A37='2024_Draft_team'!$B$2:$B$271),0))} -> 25 | Q37: Y
A38: Discount Belichick | B38: WR-TE | C38: Brock | D38: Bowers | E38: WR-TE | F38: | | G38: LV | I38: ='2024_Roster_Offseason'!$C38&'2024_Roster_Offseason'!$D38 -> BrockBowers | J38: 0.99 | K38: 0.94 | L38: 0 | M38: 23.53 | N38: 0 | O38: {=INDEX('2024_Transactions'!$J$2:$J$339,MATCH(1,('2024_Transactions'!$C$2:$C$339='2024_Roster_Offseason'!$I38)*('2024_Roster_Offseason'!$A38='2024_Transactions'!$B$2:$B$339),0))} -> #N/A | P38: {=INDEX('2024_Draft_team'!$J$2:$J$271,MATCH(1,('2024_Roster_Offseason'!$I38='2024_Draft_team'!$Q$2:$Q$271)*('2024_Roster_Offseason'!$A38='2024_Draft_team'!$B$2:$B$271),0))} -> 23 | Q38: Y
A39: Discount Belichick | B39: WR-TE | C39: A.J. | D39: Brown | E39: WR-TE | F39: | | G39: PHI | I39: ='2024_Roster_Offseason'!$C39&'2024_Roster_Offseason'!$D39 -> A.J.Brown | J39: 1 | K39: 0.89 | L39: 23 | M39: 31.38 | N39: 0 | O39: {=INDEX('2024_Transactions'!$J$2:$J$339,MATCH(1,('2024_Transactions'!$C$2:$C$339='2024_Roster_Offseason'!$I39)*('2024_Roster_Offseason'!$A39='2024_Transactions'!$B$2:$B$339),0))} -> #N/A | P39: {=INDEX('2024_Draft_team'!$J$2:$J$271,MATCH(1,('2024_Roster_Offseason'!$I39='2024_Draft_team'!$Q$2:$Q$271)*('2024_Roster_Offseason'!$A39='2024_Draft_team'!$B$2:$B$271),0))} -> N/A | Q39: N
A40: Discount Belichick | B40: WR-TE | C40: Cooper | D40: Kupp | E40: WR-TE | F40: | | G40: LAR | I40: ='2024_Roster_Offseason'!$C40&'2024_Roster_Offseason'!$D40 -> CooperKupp | J40: 0.99 | K40: 0.79 | L40: 0 | M40: 25.25 | N40: 0 | O40: {=INDEX('2024_Transactions'!$J$2:$J$339,MATCH(1,('2024_Transactions'!$C$2:$C$339='2024_Roster_Offseason'!$I40)*('2024_Roster_Offseason'!$A40='2024_Transactions'!$B$2:$B$339),0))} -> #N/A | P40: {=INDEX('2024_Draft_team'!$J$2:$J$271,MATCH(1,('2024_Roster_Offseason'!$I40='2024_Draft_team'!$Q$2:$Q$271)*('2024_Roster_Offseason'!$A40='2024_Draft_team'!$B$2:$B$271),0))} -> 2 | Q40: N
A41: Discount Belichick | B41: K | C41: Younghoe | D41: Koo | E41: K | F41: | | G41: ATL | I41: ='2024_Roster_Offseason'!$C41&'2024_Roster_Offseason'!$D41 -> YounghoeKoo | J41: 0.57 | K41: 0.35 | L41: 0 | M41: 16.21 | N41: 0 | O41: {=INDEX('2024_Transactions'!$J$2:$J$339,MATCH(1,('2024_Transactions'!$C$2:$C$339='2024_Roster_Offseason'!$I41)*('2024_Roster_Offseason'!$A41='2024_Transactions'!$B$2:$B$339),0))} -> Signed | P41: 15 | Q41: N
A42: Discount Belichick | B42: DL-LB-DB | C42: Jack | D42: Campbell | E42: DL-LB-DB | F42: | | G42: DET | I42: ='2024_Roster_Offseason'!$C42&'2024_Roster_Offseason'!$D42 -> JackCampbell | J42: 0.65 | K42: 0.54 | L42: 0 | M42: 19.71 | N42: 0 | O42: {=INDEX('2024_Transactions'!$J$2:$J$339,MATCH(1,('2024_Transactions'!$C$2:$C$339='2024_Roster_Offseason'!$I42)*('2024_Roster_Offseason'!$A42='2024_Transactions'!$B$2:$B$339),0))} -> #N/A | P42: {=INDEX('2024_Draft_team'!$J$2:$J$271,MATCH(1,('2024_Roster_Offseason'!$I42='2024_Draft_team'!$Q$2:$Q$271)*('2024_Roster_Offseason'!$A42='2024_Draft_team'!$B$2:$B$271),0))} -> 10 | Q42: Y
A43: Discount Belichick | B43: DL-LB-DB | C43: Jonathan | D43: Greenard | E43: DL-LB-DB | F43: | | G43: MIN | I43: ='2024_Roster_Offseason'!$C43&'2024_Roster_Offseason'!$D43 -> JonathanGreenard | J43: 0.81 | K43: 0.71 | L43: 0 | M43: 18.47 | N43: 0 | O43: {=INDEX('2024_Transactions'!$J$2:$J$339,MATCH(1,('2024_Transactions'!$C$2:$C$339='2024_Roster_Offseason'!$I43)*('2024_Roster_Offseason'!$A43='2024_Transactions'!$B$2:$B$339),0))} -> Signed | P43: {=IFERROR(INDEX('2024_Draft_team'!$J$2:$J$271,MATCH(1,('2024_Roster_Offseason'!$I43='2024_Draft_team'!$Q$2:$Q$271)*('2024_Roster_Offseason'!$A43='2024_Draft_team'!$B$2:$B$271),0)),15)} -> 15 | Q43: N
A44: Discount Belichick | B44: DL-LB-DB | C44: Daiyan | D44: Henley | E44: DL-LB-DB | F44: | | G44: LAC | I44: ='2024_Roster_Offseason'!$C44&'2024_Roster_Offseason'!$D44 -> DaiyanHenley | J44: 0.63 | K44: 0.51 | L44: 0 | M44: 23.06 | N44: 0 | O44: {=INDEX('2024_Transactions'!$J$2:$J$339,MATCH(1,('2024_Transactions'!$C$2:$C$339='2024_Roster_Offseason'!$I44)*('2024_Roster_Offseason'!$A44='2024_Transactions'!$B$2:$B$339),0))} -> #N/A | P44: {=INDEX('2024_Draft_team'!$J$2:$J$271,MATCH(1,('2024_Roster_Offseason'!$I44='2024_Draft_team'!$Q$2:$Q$271)*('2024_Roster_Offseason'!$A44='2024_Draft_team'!$B$2:$B$271),0))} -> 20 | Q44: Y
A45: Discount Belichick | B45: DL-LB-DB | C45: Foye | D45: Oluokun | E45: DL-LB-DB | F45: | | G45: JAC | I45: ='2024_Roster_Offseason'!$C45&'2024_Roster_Offseason'!$D45 -> FoyeOluokun | J45: 0.88 | K45: 0.72 | L45: 0 | M45: 21.46 | N45: 0 | O45: {=INDEX('2024_Transactions'!$J$2:$J$339,MATCH(1,('2024_Transactions'!$C$2:$C$339='2024_Roster_Offseason'!$I45)*('2024_Roster_Offseason'!$A45='2024_Transactions'!$B$2:$B$339),0))} -> #N/A | P45: {=INDEX('2024_Draft_team'!$J$2:$J$271,MATCH(1,('2024_Roster_Offseason'!$I45='2024_Draft_team'!$Q$2:$Q$271)*('2024_Roster_Offseason'!$A45='2024_Draft_team'!$B$2:$B$271),0))} -> N/A | Q45: N
A46: Discount Belichick | B46: DL-LB-DB | C46: Micah | D46: Parsons | E46: DL-LB-DB | F46: | | G46: DAL | I46: ='2024_Roster_Offseason'!$C46&'2024_Roster_Offseason'!$D46 -> MicahParsons | J46: 0.86 | K46: 0.74 | L46: 0 | M46: 19.31 | N46: 0 | O46: {=INDEX('2024_Transactions'!$J$2:$J$339,MATCH(1,('2024_Transactions'!$C$2:$C$339='2024_Roster_Offseason'!$I46)*('2024_Roster_Offseason'!$A46='2024_Transactions'!$B$2:$B$339),0))} -> #N/A | P46: {=INDEX('2024_Draft_team'!$J$2:$J$271,MATCH(1,('2024_Roster_Offseason'!$I46='2024_Draft_team'!$Q$2:$Q$271)*('2024_Roster_Offseason'!$A46='2024_Draft_team'!$B$2:$B$271),0))} -> 1 | Q46: N
A47: Discount Belichick | B47: DL-LB-DB | C47: Christian | D47: Rozeboom | E47: DL-LB-DB | F47: | | G47: LAR | I47: ='2024_Roster_Offseason'!$C47&'2024_Roster_Offseason'!$D47 -> ChristianRozeboom | J47: 0.31 | K47: 0.23 | L47: 0 | M47: 20.76 | N47: 0 | O47: {=INDEX('2024_Transactions'!$J$2:$J$339,MATCH(1,('2024_Transactions'!$C$2:$C$339='2024_Roster_Offseason'!$I47)*('2024_Roster_Offseason'!$A47='2024_Transactions'!$B$2:$B$339),0))} -> Signed | P47: {=IFERROR(INDEX('2024_Draft_team'!$J$2:$J$271,MATCH(1,('2024_Roster_Offseason'!$I47='2024_Draft_team'!$Q$2:$Q$271)*('2024_Roster_Offseason'!$A47='2024_Draft_team'!$B$2:$B$271),0)),15)} -> 15 | Q47: N
A48: Discount Belichick | B48: DL-LB-DB | C48: Quay | D48: Walker | E48: DL-LB-DB | F48: | | G48: GB | I48: ='2024_Roster_Offseason'!$C48&'2024_Roster_Offseason'!$D48 -> QuayWalker | J48: 0.71 | K48: 0.39 | L48: 0 | M48: 23.77 | N48: 0 | O48: {=INDEX('2024_Transactions'!$J$2:$J$339,MATCH(1,('2024_Transactions'!$C$2:$C$339='2024_Roster_Offseason'!$I48)*('2024_Roster_Offseason'!$A48='2024_Transactions'!$B$2:$B$339),0))} -> #N/A | P48: {=INDEX('2024_Draft_team'!$J$2:$J$271,MATCH(1,('2024_Roster_Offseason'!$I48='2024_Draft_team'!$Q$2:$Q$271)*('2024_Roster_Offseason'!$A48='2024_Draft_team'!$B$2:$B$271),0))} -> 2 | Q48: N
A49: Discount Belichick | B49: RB | C49: Isaac | D49: Guerendo | E49: RB | F49: | | G49: SF | I49: ='2024_Roster_Offseason'!$C49&'2024_Roster_Offseason'!$D49 -> IsaacGuerendo | J49: 0.93 | K49: 0.42 | L49: 0 | M49: 8.75 | N49: 0 | O49: {=INDEX('2024_Transactions'!$J$2:$J$339,MATCH(1,('2024_Transactions'!$C$2:$C$339='2024_Roster_Offseason'!$I49)*('2024_Roster_Offseason'!$A49='2024_Transactions'!$B$2:$B$339),0))} -> Signed | P49: {=IFERROR(INDEX('2024_Draft_team'!$J$2:$J$271,MATCH(1,('2024_Roster_Offseason'!$I49='2024_Draft_team'!$Q$2:$Q$271)*('2024_Roster_Offseason'!$A49='2024_Draft_team'!$B$2:$B$271),0)),15)} -> 15 | Q49: N
A50: Discount Belichick | B50: RB | C50: Isiah | D50: Pacheco | E50: RB | F50: | | G50: KC | I50: ='2024_Roster_Offseason'!$C50&'2024_Roster_Offseason'!$D50 -> IsiahPacheco | J50: 0.96 | K50: 0.46 | L50: 1 | M50: 13.43 | N50: 0 | O50: {=INDEX('2024_Transactions'!$J$2:$J$339,MATCH(1,('2024_Transactions'!$C$2:$C$339='2024_Roster_Offseason'!$I50)*('2024_Roster_Offseason'!$A50='2024_Transactions'!$B$2:$B$339),0))} -> #N/A | P50: {=INDEX('2024_Draft_team'!$J$2:$J$271,MATCH(1,('2024_Roster_Offseason'!$I50='2024_Draft_team'!$Q$2:$Q$271)*('2024_Roster_Offseason'!$A50='2024_Draft_team'!$B$2:$B$271),0))} -> 10 | Q50: N
A51: Discount Belichick | B51: RB | C51: Brian | D51: Robinson | E51: Jr. | F51: RB | G51: | | H51: WAS | I51: ='2024_Roster_Offseason'!$C51&'2024_Roster_Offseason'!$D51&'2024_Roster_Offseason'!$E51 -> BrianRobinsonJr. | J51: 0.99 | K51: 0.6 | L51: 0 | M51: 22.07 | N51: 0 | O51: {=INDEX('2024_Transactions'!$J$2:$J$339,MATCH(1,('2024_Transactions'!$C$2:$C$339='2024_Roster_Offseason'!$I51)*('2024_Roster_Offseason'!$A51='2024_Transactions'!$B$2:$B$339),0))} -> #N/A | P51: {=INDEX('2024_Draft_team'!$J$2:$J$271,MATCH(1,('2024_Roster_Offseason'!$I51='2024_Draft_team'!$Q$2:$Q$271)*('2024_Roster_Offseason'!$A51='2024_Draft_team'!$B$2:$B$271),0))} -> 14 | Q51: N
A52: Discount Belichick | B52: RB | C52: Patrick | D52: Taylor | E52: RB | F52: | | G52: SF | I52: ='2024_Roster_Offseason'!$C52&'2024_Roster_Offseason'!$D52 -> PatrickTaylor | J52: 0.44 | K52: 0.06 | L52: 0 | M52: 3.46 | N52: 0 | O52: {=INDEX('2024_Transactions'!$J$2:$J$339,MATCH(1,('2024_Transactions'!$C$2:$C$339='2024_Roster_Offseason'!$I52)*('2024_Roster_Offseason'!$A52='2024_Transactions'!$B$2:$B$339),0))} -> Signed | P52: {=IFERROR(INDEX('2024_Draft_team'!$J$2:$J$271,MATCH(1,('2024_Roster_Offseason'!$I52='2024_Draft_team'!$Q$2:$Q$271)*('2024_Roster_Offseason'!$A52='2024_Draft_team'!$B$2:$B$271),0)),15)} -> 15 | Q52: N
A53: Discount Belichick | B53: WR-TE | C53: Dalton | D53: Kincaid | E53: WR-TE | F53: | | G53: BUF | I53: ='2024_Roster_Offseason'!$C53&'2024_Roster_Offseason'!$D53 -> DaltonKincaid | J53: 0.76 | K53: 0.29 | L53: 0 | M53: 16.15 | N53: 0 | O53: {=INDEX('2024_Transactions'!$J$2:$J$339,MATCH(1,('2024_Transactions'!$C$2:$C$339='2024_Roster_Offseason'!$I53)*('2024_Roster_Offseason'!$A53='2024_Transactions'!$B$2:$B$339),0))} -> #N/A | P53: {=INDEX('2024_Draft_team'!$J$2:$J$271,MATCH(1,('2024_Roster_Offseason'!$I53='2024_Draft_team'!$Q$2:$Q$271)*('2024_Roster_Offseason'!$A53='2024_Draft_team'!$B$2:$B$271),0))} -> 16 | Q53: N
A54: Discount Belichick | B54: WR-TE | C54: Khalil | D54: Shakir | E54: WR-TE | F54: | | G54: BUF | I54: ='2024_Roster_Offseason'!$C54&'2024_Roster_Offseason'!$D54 -> KhalilShakir | J54: 0.91 | K54: 0.5 | L54: 0 | M54: 23.93 | N54: 0 | O54: {=INDEX('2024_Transactions'!$J$2:$J$339,MATCH(1,('2024_Transactions'!$C$2:$C$339='2024_Roster_Offseason'!$I54)*('2024_Roster_Offseason'!$A54='2024_Transactions'!$B$2:$B$339),0))} -> #N/A | P54: {=INDEX('2024_Draft_team'!$J$2:$J$271,MATCH(1,('2024_Roster_Offseason'!$I54='2024_Draft_team'!$Q$2:$Q$271)*('2024_Roster_Offseason'!$A54='2024_Draft_team'!$B$2:$B$271),0))} -> 27 | Q54: Y
A55: Discount Belichick | B55: DL-LB-DB | C55: Cody | D55: Barton | E55: DL-LB-DB | F55: | | G55: DEN | I55: ='2024_Roster_Offseason'!$C55&'2024_Roster_Offseason'!$D55 -> CodyBarton | J55: 0.23 | K55: 0.12 | L55: 0 | M55: 17.41 | N55: 0 | O55: {=INDEX('2024_Transactions'!$J$2:$J$339,MATCH(1,('2024_Transactions'!$C$2:$C$339='2024_Roster_Offseason'!$I55)*('2024_Roster_Offseason'!$A55='2024_Transactions'!$B$2:$B$339),0))} -> #N/A | P55: {=INDEX('2024_Draft_team'!$J$2:$J$271,MATCH(1,('2024_Roster_Offseason'!$I55='2024_Draft_team'!$Q$2:$Q$271)*('2024_Roster_Offseason'!$A55='2024_Draft_team'!$B$2:$B$271),0))} -> 12 | Q55: N
A56: Discount Belichick | B56: DL-LB-DB | C56: DeShon | D56: Elliott | E56: DL-LB-DB | F56: | | G56: PIT | I56: ='2024_Roster_Offseason'!$C56&'2024_Roster_Offseason'!$D56 -> DeShonElliott | J56: 0.49 | K56: 0.27 | L56: 0 | M56: 21.07 | N56: 0 | O56: {=INDEX('2024_Transactions'!$J$2:$J$339,MATCH(1,('2024_Transactions'!$C$2:$C$339='2024_Roster_Offseason'!$I56)*('2024_Roster_Offseason'!$A56='2024_Transactions'!$B$2:$B$339),0))} -> Signed | P56: {=IFERROR(INDEX('2024_Draft_team'!$J$2:$J$271,MATCH(1,('2024_Roster_Offseason'!$I56='2024_Draft_team'!$Q$2:$Q$271)*('2024_Roster_Offseason'!$A56='2024_Draft_team'!$B$2:$B$271),0)),15)} -> 15 | Q56: N
A57: Discount Belichick | B57: DL-LB-DB | C57: Christian | D57: Harris | E57: DL-LB-DB | F57: | | G57: HOU | I57: ='2024_Roster_Offseason'!$C57&'2024_Roster_Offseason'!$D57 -> ChristianHarris | J57: 0.14 | K57: 0.06 | L57: 0 | M57: 20.33 | N57: 0 | O57: {=INDEX('2024_Transactions'!$J$2:$J$339,MATCH(1,('2024_Transactions'!$C$2:$C$339='2024_Roster_Offseason'!$I57)*('2024_Roster_Offseason'!$A57='2024_Transactions'!$B$2:$B$339),0))} -> #N/A | P57: {=INDEX('2024_Draft_team'!$J$2:$J$271,MATCH(1,('2024_Roster_Offseason'!$I57='2024_Draft_team'!$Q$2:$Q$271)*('2024_Roster_Offseason'!$A57='2024_Draft_team'!$B$2:$B$271),0))} -> 7 | Q57: N
A58: Discount Belichick | B58: DL-LB-DB | C58: Devin | D58: Lloyd | E58: DL-LB-DB | F58: | | G58: JAC | I58: ='2024_Roster_Offseason'!$C58&'2024_Roster_Offseason'!$D58 -> DevinLloyd | J58: 0.44 | K58: 0.26 | L58: 0 | M58: 18.31 | N58: 0 | O58: {=INDEX('2024_Transactions'!$J$2:$J$339,MATCH(1,('2024_Transactions'!$C$2:$C$339='2024_Roster_Offseason'!$I58)*('2024_Roster_Offseason'!$A58='2024_Transactions'!$B$2:$B$339),0))} -> Signed | P58: {=IFERROR(INDEX('2024_Draft_team'!$J$2:$J$271,MATCH(1,('2024_Roster_Offseason'!$I58='2024_Draft_team'!$Q$2:$Q$271)*('2024_Roster_Offseason'!$A58='2024_Draft_team'!$B$2:$B$271),0)),15)} -> 15 | Q58: Y
A59: Discount Belichick | B59: DL-LB-DB | C59: Darius | D59: Muasau | E59: DL-LB-DB | F59: | | G59: NYG | I59: ='2024_Roster_Offseason'!$C59&'2024_Roster_Offseason'!$D59 -> DariusMuasau | J59: 0.09 | K59: 0.06 | L59: 0 | M59: 8.67 | N59: 0 | O59: {=INDEX('2024_Transactions'!$J$2:$J$339,MATCH(1,('2024_Transactions'!$C$2:$C$339='2024_Roster_Offseason'!$I59)*('2024_Roster_Offseason'!$A59='2024_Transactions'!$B$2:$B$339),0))} -> Signed | P59: {=IFERROR(INDEX('2024_Draft_team'!$J$2:$J$271,MATCH(1,('2024_Roster_Offseason'!$I59='2024_Draft_team'!$Q$2:$Q$271)*('2024_Roster_Offseason'!$A59='2024_Draft_team'!$B$2:$B$271),0)),15)} -> 15 | Q59: N
A60: Discount Belichick | B60: DL-LB-DB | C60: Trenton | D60: Simpson | E60: DL-LB-DB | F60: | | G60: BAL | I60: ='2024_Roster_Offseason'!$C60&'2024_Roster_Offseason'!$D60 -> TrentonSimpson | J60: 0.45 | K60: 0.23 | L60: 0 | M60: 11.12 | N60: 0 | O60: {=INDEX('2024_Transactions'!$J$2:$J$339,MATCH(1,('2024_Transactions'!$C$2:$C$339='2024_Roster_Offseason'!$I60)*('2024_Roster_Offseason'!$A60='2024_Transactions'!$B$2:$B$339),0))} -> #N/A | P60: {=INDEX('2024_Draft_team'!$J$2:$J$271,MATCH(1,('2024_Roster_Offseason'!$I60='2024_Draft_team'!$Q$2:$Q$271)*('2024_Roster_Offseason'!$A60='2024_Draft_team'!$B$2:$B$271),0))} -> 17 | Q60: Y
A61: Discount Belichick | B61: WR-TE | C61: Chris | D61: Olave | E61: WR-TE | F61: | | G61: NO | I61: ='2024_Roster_Offseason'!$C61&'2024_Roster_Offseason'!$D61 -> ChrisOlave | J61: 0.64 | K61: 0.03 | L61: 0 | M61: 15.12 | N61: 0 | O61: {=INDEX('2024_Transactions'!$J$2:$J$339,MATCH(1,('2024_Transactions'!$C$2:$C$339='2024_Roster_Offseason'!$I61)*('2024_Roster_Offseason'!$A61='2024_Transactions'!$B$2:$B$339),0))} -> #N/A | P61: {=INDEX('2024_Draft_team'!$J$2:$J$271,MATCH(1,('2024_Roster_Offseason'!$I61='2024_Draft_team'!$Q$2:$Q$271)*('2024_Roster_Offseason'!$A61='2024_Draft_team'!$B$2:$B$271),0))} -> 3 | Q61: N
A62: Discount Belichick | B62: DL-LB-DB | C62: Jeremiah | D62: Owusu-Koramoah | E62: DL-LB-DB | F62: | | G62: CLE | I62: ='2024_Roster_Offseason'!$C62&'2024_Roster_Offseason'!$D62 -> JeremiahOwusu-Koramoah | J62: 0.33 | K62: 0.02 | L62: 0 | M62: 26.38 | N62: 0 | O62: {=INDEX('2024_Transactions'!$J$2:$J$339,MATCH(1,('2024_Transactions'!$C$2:$C$339='2024_Roster_Offseason'!$I62)*('2024_Roster_Offseason'!$A62='2024_Transactions'!$B$2:$B$339),0))} -> #N/A | P62: {=INDEX('2024_Draft_team'!$J$2:$J$271,MATCH(1,('2024_Roster_Offseason'!$I62='2024_Draft_team'!$Q$2:$Q$271)*('2024_Roster_Offseason'!$A62='2024_Draft_team'!$B$2:$B$271),0))} -> 5 | Q62: N
A63: Fields of Dreams | B63: QB | C63: Jayden | D63: Daniels | E63: QB | F63: | | G63: WAS | I63: ='2024_Roster_Offseason'!$C63&'2024_Roster_Offseason'!$D63 -> JaydenDaniels | J63: 0.99 | K63: 0.74 | L63: 0 | M63: 53.76 | N63: 0 | O63: {=INDEX('2024_Transactions'!$J$2:$J$339,MATCH(1,('2024_Transactions'!$C$2:$C$339='2024_Roster_Offseason'!$I63)*('2024_Roster_Offseason'!$A63='2024_Transactions'!$B$2:$B$339),0))} -> #N/A | P63: {=INDEX('2024_Draft_team'!$J$2:$J$271,MATCH(1,('2024_Roster_Offseason'!$I63='2024_Draft_team'!$Q$2:$Q$271)*('2024_Roster_Offseason'!$A63='2024_Draft_team'!$B$2:$B$271),0))} -> 1 | Q63: Y
A64: Fields of Dreams | B64: QB | C64: Geno | D64: Smith | E64: QB | F64: | | G64: SEA | I64: ='2024_Roster_Offseason'!$C64&'2024_Roster_Offseason'!$D64 -> GenoSmith | J64: 0.73 | K64: 0.23 | L64: 0 | M64: 35.24 | N64: 0 | O64: {=INDEX('2024_Transactions'!$J$2:$J$339,MATCH(1,('2024_Transactions'!$C$2:$C$339='2024_Roster_Offseason'!$I64)*('2024_Roster_Offseason'!$A64='2024_Transactions'!$B$2:$B$339),0))} -> #N/A | P64: {=INDEX('2024_Draft_team'!$J$2:$J$271,MATCH(1,('2024_Roster_Offseason'!$I64='2024_Draft_team'!$Q$2:$Q$271)*('2024_Roster_Offseason'!$A64='2024_Draft_team'!$B$2:$B$271),0))} -> N/A | Q64: N
A65: Fields of Dreams | B65: RB | C65: Jahmyr | D65: Gibbs | E65: RB | F65: | | G65: DET | I65: ='2024_Roster_Offseason'!$C65&'2024_Roster_Offseason'!$D65 -> JahmyrGibbs | J65: 1 | K65: 0.99 | L65: 0 | M65: 36.88 | N65: 0 | O65: {=INDEX('2024_Transactions'!$J$2:$J$339,MATCH(1,('2024_Transactions'!$C$2:$C$339='2024_Roster_Offseason'!$I65)*('2024_Roster_Offseason'!$A65='2024_Transactions'!$B$2:$B$339),0))} -> #N/A | P65: {=INDEX('2024_Draft_team'!$J$2:$J$271,MATCH(1,('2024_Roster_Offseason'!$I65='2024_Draft_team'!$Q$2:$Q$271)*('2024_Roster_Offseason'!$A65='2024_Draft_team'!$B$2:$B$271),0))} -> 4 | Q65: Y
A66: Fields of Dreams | B66: RB | C66: Tyjae | D66: Spears | E66: RB | F66: | | G66: TEN | I66: ='2024_Roster_Offseason'!$C66&'2024_Roster_Offseason'!$D66 -> TyjaeSpears | J66: 0.72 | K66: 0.3 | L66: 0 | M66: 12.75 | N66: 0 | O66: {=INDEX('2024_Transactions'!$J$2:$J$339,MATCH(1,('2024_Transactions'!$C$2:$C$339='2024_Roster_Offseason'!$I66)*('2024_Roster_Offseason'!$A66='2024_Transactions'!$B$2:$B$339),0))} -> Signed | P66: {=IFERROR(INDEX('2024_Draft_team'!$J$2:$J$271,MATCH(1,('2024_Roster_Offseason'!$I66='2024_Draft_team'!$Q$2:$Q$271)*('2024_Roster_Offseason'!$A66='2024_Draft_team'!$B$2:$B$271),0)),15)} -> 15 | Q66: N
A67: Fields of Dreams | B67: WR-TE | C67: Ja'Marr | D67: Chase | E67: WR-TE | F67: | | G67: CIN | I67: ='2024_Roster_Offseason'!$C67&'2024_Roster_Offseason'!$D67 -> Ja'MarrChase | J67: 1 | K67: 0.99 | L67: 0 | M67: 35.41 | N67: 0 | O67: {=INDEX('2024_Transactions'!$J$2:$J$339,MATCH(1,('2024_Transactions'!$C$2:$C$339='2024_Roster_Offseason'!$I67)*('2024_Roster_Offseason'!$A67='2024_Transactions'!$B$2:$B$339),0))} -> #N/A | P67: {=INDEX('2024_Draft_team'!$J$2:$J$271,MATCH(1,('2024_Roster_Offseason'!$I67='2024_Draft_team'!$Q$2:$Q$271)*('2024_Roster_Offseason'!$A67='2024_Draft_team'!$B$2:$B$271),0))} -> N/A | Q67: N
A68: Fields of Dreams | B68: WR-TE | C68: Justin | D68: Jefferson | E68: WR-TE | F68: | | G68: MIN | I68: ='2024_Roster_Offseason'!$C68&'2024_Roster_Offseason'!$D68 -> JustinJefferson | J68: 1 | K68: 1 | L68: 0 | M68: 29.65 | N68: 0 | O68: {=INDEX('2024_Transactions'!$J$2:$J$339,MATCH(1,('2024_Transactions'!$C$2:$C$339='2024_Roster_Offseason'!$I68)*('2024_Roster_Offseason'!$A68='2024_Transactions'!$B$2:$B$339),0))} -> #N/A | P68: {=INDEX('2024_Draft_team'!$J$2:$J$271,MATCH(1,('2024_Roster_Offseason'!$I68='2024_Draft_team'!$Q$2:$Q$271)*('2024_Roster_Offseason'!$A68='2024_Draft_team'!$B$2:$B$271),0))} -> N/A | Q68: N
A69: Fields of Dreams | B69: WR-TE | C69: Puka | D69: Nacua | E69: WR-TE | F69: | | G69: LAR | I69: ='2024_Roster_Offseason'!$C69&'2024_Roster_Offseason'!$D69 -> PukaNacua | J69: 0.99 | K69: 0.9 | L69: 0 | M69: 31.18 | N69: 0 | O69: {=INDEX('2024_Transactions'!$J$2:$J$339,MATCH(1,('2024_Transactions'!$C$2:$C$339='2024_Roster_Offseason'!$I69)*('2024_Roster_Offseason'!$A69='2024_Transactions'!$B$2:$B$339),0))} -> #N/A | P69: {=INDEX('2024_Draft_team'!$J$2:$J$271,MATCH(1,('2024_Roster_Offseason'!$I69='2024_Draft_team'!$Q$2:$Q$271)*('2024_Roster_Offseason'!$A69='2024_Draft_team'!$B$2:$B$271),0))} -> 11 | Q69: Y
A70: Fields of Dreams | B70: K | C70: Ka'imi | D70: Fairbairn | E70: K | F70: | | G70: HOU | I70: ='2024_Roster_Offseason'!$C70&'2024_Roster_Offseason'!$D70 -> Ka'imiFairbairn | J70: 0.95 | K70: 0.75 | L70: 0 | M70: 22.47 | N70: 0 | O70: {=INDEX('2024_Transactions'!$J$2:$J$339,MATCH(1,('2024_Transactions'!$C$2:$C$339='2024_Roster_Offseason'!$I70)*('2024_Roster_Offseason'!$A70='2024_Transactions'!$B$2:$B$339),0))} -> #N/A | P70: {=INDEX('2024_Draft_team'!$J$2:$J$271,MATCH(1,('2024_Roster_Offseason'!$I70='2024_Draft_team'!$Q$2:$Q$271)*('2024_Roster_Offseason'!$A70='2024_Draft_team'!$B$2:$B$271),0))} -> 26 | Q70: Y
A71: Fields of Dreams | B71: DL-LB-DB | C71: Kaden | D71: Elliss | E71: DL-LB-DB | F71: | | G71: ATL | I71: ='2024_Roster_Offseason'!$C71&'2024_Roster_Offseason'!$D71 -> KadenElliss | J71: 0.56 | K71: 0.48 | L71: 0 | M71: 24.18 | N71: 0 | O71: {=INDEX('2024_Transactions'!$J$2:$J$339,MATCH(1,('2024_Transactions'!$C$2:$C$339='2024_Roster_Offseason'!$I71)*('2024_Roster_Offseason'!$A71='2024_Transactions'!$B$2:$B$339),0))} -> #N/A | P71: {=INDEX('2024_Draft_team'!$J$2:$J$271,MATCH(1,('2024_Roster_Offseason'!$I71='2024_Draft_team'!$Q$2:$Q$271)*('2024_Roster_Offseason'!$A71='2024_Draft_team'!$B$2:$B$271),0))} -> 14 | Q71: Y
A72: Fields of Dreams | B72: DL-LB-DB | C72: Kyle | D72: Hamilton | E72: DL-LB-DB | F72: | | G72: BAL | I72: ='2024_Roster_Offseason'!$C72&'2024_Roster_Offseason'!$D72 -> KyleHamilton | J72: 0.67 | K72: 0.48 | L72: 0 | M72: 20.59 | N72: 0 | O72: {=INDEX('2024_Transactions'!$J$2:$J$339,MATCH(1,('2024_Transactions'!$C$2:$C$339='2024_Roster_Offseason'!$I72)*('2024_Roster_Offseason'!$A72='2024_Transactions'!$B$2:$B$339),0))} -> #N/A | P72: {=INDEX('2024_Draft_team'!$J$2:$J$271,MATCH(1,('2024_Roster_Offseason'!$I72='2024_Draft_team'!$Q$2:$Q$271)*('2024_Roster_Offseason'!$A72='2024_Draft_team'!$B$2:$B$271),0))} -> 16 | Q72: Y
A73: Fields of Dreams | B73: DL-LB-DB | C73: Ernest | D73: Jones | E73: DL-LB-DB | F73: | | G73: SEA | I73: ='2024_Roster_Offseason'!$C73&'2024_Roster_Offseason'!$D73 -> ErnestJones | J73: 0.62 | K73: 0.49 | L73: 0 | M73: 20.56 | N73: 0 | O73: {=INDEX('2024_Transactions'!$J$2:$J$339,MATCH(1,('2024_Transactions'!$C$2:$C$339='2024_Roster_Offseason'!$I73)*('2024_Roster_Offseason'!$A73='2024_Transactions'!$B$2:$B$339),0))} -> #N/A | P73: {=INDEX('2024_Draft_team'!$J$2:$J$271,MATCH(1,('2024_Roster_Offseason'!$I73='2024_Draft_team'!$Q$2:$Q$271)*('2024_Roster_Offseason'!$A73='2024_Draft_team'!$B$2:$B$271),0))} -> 3 | Q73: N
A74: Fields of Dreams | B74: DL-LB-DB | C74: Tyrice | D74: Knight | E74: DL-LB-DB | F74: | | G74: SEA | I74: ='2024_Roster_Offseason'!$C74&'2024_Roster_Offseason'!$D74 -> TyriceKnight | J74: 0.12 | K74: 0.07 | L74: 0 | M74: 12.31 | N74: 0 | O74: {=INDEX('2024_Transactions'!$J$2:$J$339,MATCH(1,('2024_Transactions'!$C$2:$C$339='2024_Roster_Offseason'!$I74)*('2024_Roster_Offseason'!$A74='2024_Transactions'!$B$2:$B$339),0))} -> Signed | P74: {=IFERROR(INDEX('2024_Draft_team'!$J$2:$J$271,MATCH(1,('2024_Roster_Offseason'!$I74='2024_Draft_team'!$Q$2:$Q$271)*('2024_Roster_Offseason'!$A74='2024_Draft_team'!$B$2:$B$271),0)),15)} -> 15 | Q74: N
A75: Fields of Dreams | B75: DL-LB-DB | C75: Ty | D75: Summers | E75: DL-LB-DB | F75: | | G75: NYG | I75: ='2024_Roster_Offseason'!$C75&'2024_Roster_Offseason'!$D75 -> TySummers | J75: 0.01 | K75: 0.01 | L75: 0 | M75: 3.69 | N75: 0 | O75: {=INDEX('2024_Transactions'!$J$2:$J$339,MATCH(1,('2024_Transactions'!$C$2:$C$339='2024_Roster_Offseason'!$I75)*('2024_Roster_Offseason'!$A75='2024_Transactions'!$B$2:$B$339),0))} -> Signed | P75: {=IFERROR(INDEX('2024_Draft_team'!$J$2:$J$271,MATCH(1,('2024_Roster_Offseason'!$I75='2024_Draft_team'!$Q$2:$Q$271)*('2024_Roster_Offseason'!$A75='2024_Draft_team'!$B$2:$B$271),0)),15)} -> 15 | Q75: N
A76: Fields of Dreams | B76: DL-LB-DB | C76: Pete | D76: Werner | E76: DL-LB-DB | F76: | | G76: NO | I76: ='2024_Roster_Offseason'!$C76&'2024_Roster_Offseason'!$D76 -> PeteWerner | J76: 0.11 | K76: 0.06 | L76: 0 | M76: 16 | N76: 0 | O76: {=INDEX('2024_Transactions'!$J$2:$J$339,MATCH(1,('2024_Transactions'!$C$2:$C$339='2024_Roster_Offseason'!$I76)*('2024_Roster_Offseason'!$A76='2024_Transactions'!$B$2:$B$339),0))} -> Signed | P76: {=IFERROR(INDEX('2024_Draft_team'!$J$2:$J$271,MATCH(1,('2024_Roster_Offseason'!$I76='2024_Draft_team'!$Q$2:$Q$271)*('2024_Roster_Offseason'!$A76='2024_Draft_team'!$B$2:$B$271),0)),15)} -> 15 | Q76: N
A77: Fields of Dreams | B77: DL-LB-DB | C77: Kyzir | D77: White | E77: DL-LB-DB | F77: | | G77: ARI | I77: ='2024_Roster_Offseason'!$C77&'2024_Roster_Offseason'!$D77 -> KyzirWhite | J77: 0.34 | K77: 0.25 | L77: 0 | M77: 19 | N77: 0 | O77: {=INDEX('2024_Transactions'!$J$2:$J$339,MATCH(1,('2024_Transactions'!$C$2:$C$339='2024_Roster_Offseason'!$I77)*('2024_Roster_Offseason'!$A77='2024_Transactions'!$B$2:$B$339),0))} -> #N/A | P77: {=INDEX('2024_Draft_team'!$J$2:$J$271,MATCH(1,('2024_Roster_Offseason'!$I77='2024_Draft_team'!$Q$2:$Q$271)*('2024_Roster_Offseason'!$A77='2024_Draft_team'!$B$2:$B$271),0))} -> 8 | Q77: N
A78: Fields of Dreams | B78: QB | C78: Russell | D78: Wilson | E78: QB | F78: | | G78: PIT | I78: ='2024_Roster_Offseason'!$C78&'2024_Roster_Offseason'!$D78 -> RussellWilson | J78: 0.76 | K78: 0.24 | L78: 0 | M78: 39.36 | N78: 0 | O78: {=INDEX('2024_Transactions'!$J$2:$J$339,MATCH(1,('2024_Transactions'!$C$2:$C$339='2024_Roster_Offseason'!$I78)*('2024_Roster_Offseason'!$A78='2024_Transactions'!$B$2:$B$339),0))} -> Signed | P78: {=IFERROR(INDEX('2024_Draft_team'!$J$2:$J$271,MATCH(1,('2024_Roster_Offseason'!$I78='2024_Draft_team'!$Q$2:$Q$271)*('2024_Roster_Offseason'!$A78='2024_Draft_team'!$B$2:$B$271),0)),15)} -> 15 | Q78: N
A79: Fields of Dreams | B79: RB | C79: Chuba | D79: Hubbard | E79: RB | F79: | | G79: CAR | I79: ='2024_Roster_Offseason'!$C79&'2024_Roster_Offseason'!$D79 -> ChubaHubbard | J79: 0.9 | K79: 0.49 | L79: 0 | M79: 26.07 | N79: 0 | O79: {=INDEX('2024_Transactions'!$J$2:$J$339,MATCH(1,('2024_Transactions'!$C$2:$C$339='2024_Roster_Offseason'!$I79)*('2024_Roster_Offseason'!$A79='2024_Transactions'!$B$2:$B$339),0))} -> #N/A | P79: {=INDEX('2024_Draft_team'!$J$2:$J$271,MATCH(1,('2024_Roster_Offseason'!$I79='2024_Draft_team'!$Q$2:$Q$271)*('2024_Roster_Offseason'!$A79='2024_Draft_team'!$B$2:$B$271),0))} -> 25 | Q79: Y
A80: Fields of Dreams | B80: RB | C80: Joe | D80: Mixon | E80: RB | F80: | | G80: HOU | I80: ='2024_Roster_Offseason'!$C80&'2024_Roster_Offseason'!$D80 -> JoeMixon | J80: 1 | K80: 0.81 | L80: 0 | M80: 31.21 | N80: 0 | O80: {=INDEX('2024_Transactions'!$J$2:$J$339,MATCH(1,('2024_Transactions'!$C$2:$C$339='2024_Roster_Offseason'!$I80)*('2024_Roster_Offseason'!$A80='2024_Transactions'!$B$2:$B$339),0))} -> #N/A | P80: {=INDEX('2024_Draft_team'!$J$2:$J$271,MATCH(1,('2024_Roster_Offseason'!$I80='2024_Draft_team'!$Q$2:$Q$271)*('2024_Roster_Offseason'!$A80='2024_Draft_team'!$B$2:$B$271),0))} -> 5 | Q80: N
A81: Fields of Dreams | B81: RB | C81: D'Andre | D81: Swift | E81: RB | F81: | | G81: CHI | I81: ='2024_Roster_Offseason'!$C81&'2024_Roster_Offseason'!$D81 -> D'AndreSwift | J81: 0.98 | K81: 0.57 | L81: 0 | M81: 19.12 | N81: 0 | O81: {=INDEX('2024_Transactions'!$J$2:$J$339,MATCH(1,('2024_Transactions'!$C$2:$C$339='2024_Roster_Offseason'!$I81)*('2024_Roster_Offseason'!$A81='2024_Transactions'!$B$2:$B$339),0))} -> Signed | P81: 15 | Q81: Y
A82: Fields of Dreams | B82: RB | C82: Jaylen | D82: Warren | E82: RB | F82: | | G82: PIT | I82: ='2024_Roster_Offseason'!$C82&'2024_Roster_Offseason'!$D82 -> JaylenWarren | J82: 0.77 | K82: 0.22 | L82: 0 | M82: 11.33 | N82: 0 | O82: {=INDEX('2024_Transactions'!$J$2:$J$339,MATCH(1,('2024_Transactions'!$C$2:$C$339='2024_Roster_Offseason'!$I82)*('2024_Roster_Offseason'!$A82='2024_Transactions'!$B$2:$B$339),0))} -> #N/A | P82: {=INDEX('2024_Draft_team'!$J$2:$J$271,MATCH(1,('2024_Roster_Offseason'!$I82='2024_Draft_team'!$Q$2:$Q$271)*('2024_Roster_Offseason'!$A82='2024_Draft_team'!$B$2:$B$271),0))} -> 18 | Q82: Y
A83: Fields of Dreams | B83: WR-TE | C83: Trey | D83: McBride | E83: WR-TE | F83: | | G83: ARI | I83: ='2024_Roster_Offseason'!$C83&'2024_Roster_Offseason'!$D83 -> TreyMcBride | J83: 0.99 | K83: 0.92 | L83: 0 | M83: 24.62 | N83: 0 | O83: {=INDEX('2024_Transactions'!$J$2:$J$339,MATCH(1,('2024_Transactions'!$C$2:$C$339='2024_Roster_Offseason'!$I83)*('2024_Roster_Offseason'!$A83='2024_Transactions'!$B$2:$B$339),0))} -> #N/A | P83: {=INDEX('2024_Draft_team'!$J$2:$J$271,MATCH(1,('2024_Roster_Offseason'!$I83='2024_Draft_team'!$Q$2:$Q$271)*('2024_Roster_Offseason'!$A83='2024_Draft_team'!$B$2:$B$271),0))} -> 23 | Q83: Y
A84: Fields of Dreams | B84: WR-TE | C84: DK | D84: Metcalf | E84: WR-TE | F84: | | G84: SEA | I84: ='2024_Roster_Offseason'!$C84&'2024_Roster_Offseason'!$D84 -> DKMetcalf | J84: 0.99 | K84: 0.66 | L84: 0 | M84: 20.47 | N84: 0 | O84: {=INDEX('2024_Transactions'!$J$2:$J$339,MATCH(1,('2024_Transactions'!$C$2:$C$339='2024_Roster_Offseason'!$I84)*('2024_Roster_Offseason'!$A84='2024_Transactions'!$B$2:$B$339),0))} -> #N/A | P84: {=INDEX('2024_Draft_team'!$J$2:$J$271,MATCH(1,('2024_Roster_Offseason'!$I84='2024_Draft_team'!$Q$2:$Q$271)*('2024_Roster_Offseason'!$A84='2024_Draft_team'!$B$2:$B$271),0))} -> 7 | Q84: Y
A85: Fields of Dreams | B85: DL-LB-DB | C85: Azeez | D85: Al-Shaair | E85: DL-LB-DB | F85: | | G85: HOU | I85: ='2024_Roster_Offseason'!$C85&'2024_Roster_Offseason'!$D85 -> AzeezAl-Shaair | J85: 0.17 | K85: 0.03 | L85: 0 | M85: 20.55 | N85: 0 | O85: {=INDEX('2024_Transactions'!$J$2:$J$339,MATCH(1,('2024_Transactions'!$C$2:$C$339='2024_Roster_Offseason'!$I85)*('2024_Roster_Offseason'!$A85='2024_Transactions'!$B$2:$B$339),0))} -> #N/A | P85: {=INDEX('2024_Draft_team'!$J$2:$J$271,MATCH(1,('2024_Roster_Offseason'!$I85='2024_Draft_team'!$Q$2:$Q$271)*('2024_Roster_Offseason'!$A85='2024_Draft_team'!$B$2:$B$271),0))} -> 6 | Q85: N
A86: Fields of Dreams | B86: DL-LB-DB | C86: DaRon | D86: Bland | E86: DL-LB-DB | F86: | | G86: DAL | I86: ='2024_Roster_Offseason'!$C86&'2024_Roster_Offseason'!$D86 -> DaRonBland | J86: 0.41 | K86: 0.34 | L86: 0 | M86: 16 | N86: 0 | O86: {=INDEX('2024_Transactions'!$J$2:$J$339,MATCH(1,('2024_Transactions'!$C$2:$C$339='2024_Roster_Offseason'!$I86)*('2024_Roster_Offseason'!$A86='2024_Transactions'!$B$2:$B$339),0))} -> Signed | P86: {=IFERROR(INDEX('2024_Draft_team'!$J$2:$J$271,MATCH(1,('2024_Roster_Offseason'!$I86='2024_Draft_team'!$Q$2:$Q$271)*('2024_Roster_Offseason'!$A86='2024_Draft_team'!$B$2:$B$271),0)),15)} -> 15 | Q86: N
A87: Fields of Dreams | B87: DL-LB-DB | C87: Cedric | D87: Gray | E87: DL-LB-DB | F87: | | G87: TEN | I87: ='2024_Roster_Offseason'!$C87&'2024_Roster_Offseason'!$D87 -> CedricGray | J87: 0.05 | K87: 0.01 | L87: 0 | M87: 6.86 | N87: 0 | O87: {=INDEX('2024_Transactions'!$J$2:$J$339,MATCH(1,('2024_Transactions'!$C$2:$C$339='2024_Roster_Offseason'!$I87)*('2024_Roster_Offseason'!$A87='2024_Transactions'!$B$2:$B$339),0))} -> Signed | P87: {=IFERROR(INDEX('2024_Draft_team'!$J$2:$J$271,MATCH(1,('2024_Roster_Offseason'!$I87='2024_Draft_team'!$Q$2:$Q$271)*('2024_Roster_Offseason'!$A87='2024_Draft_team'!$B$2:$B$271),0)),15)} -> 15 | Q87: N
A88: Fields of Dreams | B88: DL-LB-DB | C88: Micah | D88: McFadden | E88: DL-LB-DB | F88: | | G88: NYG | I88: ='2024_Roster_Offseason'!$C88&'2024_Roster_Offseason'!$D88 -> MicahMcFadden | J88: 0.37 | K88: 0.22 | L88: 0 | M88: 19.86 | N88: 0 | O88: {=INDEX('2024_Transactions'!$J$2:$J$339,MATCH(1,('2024_Transactions'!$C$2:$C$339='2024_Roster_Offseason'!$I88)*('2024_Roster_Offseason'!$A88='2024_Transactions'!$B$2:$B$339),0))} -> #N/A | P88: {=INDEX('2024_Draft_team'!$J$2:$J$271,MATCH(1,('2024_Roster_Offseason'!$I88='2024_Draft_team'!$Q$2:$Q$271)*('2024_Roster_Offseason'!$A88='2024_Draft_team'!$B$2:$B$271),0))} -> 27 | Q88: Y
A89: Fields of Dreams | B89: DL-LB-DB | C89: Drew | D89: Sanders | E89: DL-LB-DB | F89: | | G89: DEN | I89: ='2024_Roster_Offseason'!$C89&'2024_Roster_Offseason'!$D89 -> DrewSanders | J89: 0.05 | K89: 0.01 | L89: 0 | M89: 7.75 | N89: 0 | O89: {=INDEX('2024_Transactions'!$J$2:$J$339,MATCH(1,('2024_Transactions'!$C$2:$C$339='2024_Roster_Offseason'!$I89)*('2024_Roster_Offseason'!$A89='2024_Transactions'!$B$2:$B$339),0))} -> Signed | P89: {=IFERROR(INDEX('2024_Draft_team'!$J$2:$J$271,MATCH(1,('2024_Roster_Offseason'!$I89='2024_Draft_team'!$Q$2:$Q$271)*('2024_Roster_Offseason'!$A89='2024_Draft_team'!$B$2:$B$271),0)),15)} -> 15 | Q89: N
A90: Fields of Dreams | B90: WR-TE | C90: Chris | D90: Godwin | E90: WR-TE | F90: | | G90: TB | I90: ='2024_Roster_Offseason'!$C90&'2024_Roster_Offseason'!$D90 -> ChrisGodwin | J90: 0.26 | K90: 0.02 | L90: 0 | M90: 30.29 | N90: 0 | O90: {=INDEX('2024_Transactions'!$J$2:$J$339,MATCH(1,('2024_Transactions'!$C$2:$C$339='2024_Roster_Offseason'!$I90)*('2024_Roster_Offseason'!$A90='2024_Transactions'!$B$2:$B$339),0))} -> #N/A | P90: {=INDEX('2024_Draft_team'!$J$2:$J$271,MATCH(1,('2024_Roster_Offseason'!$I90='2024_Draft_team'!$Q$2:$Q$271)*('2024_Roster_Offseason'!$A90='2024_Draft_team'!$B$2:$B$271),0))} -> 12 | Q90: N
A91: Fields of Dreams | B91: DL-LB-DB | C91: Shaq | D91: Green-Thompson | E91: DL-LB-DB | F91: | | G91: CAR | I91: ='2024_Roster_Offseason'!$C91&'2024_Roster_Offseason'!$D91 -> ShaqGreen-Thompson | J91: 0.08 | K91: 0.01 | L91: 0 | M91: 19.25 | N91: 0 | O91: {=INDEX('2024_Transactions'!$J$2:$J$339,MATCH(1,('2024_Transactions'!$C$2:$C$339='2024_Roster_Offseason'!$I91)*('2024_Roster_Offseason'!$A91='2024_Transactions'!$B$2:$B$339),0))} -> #N/A | P91: {=INDEX('2024_Draft_team'!$J$2:$J$271,MATCH(1,('2024_Roster_Offseason'!$I91='2024_Draft_team'!$Q$2:$Q$271)*('2024_Roster_Offseason'!$A91='2024_Draft_team'!$B$2:$B$271),0))} -> 10 | Q91: N
A92: Fields of Dreams | B92: DL-LB-DB | C92: Kenneth | D92: Murray | E92: DL-LB-DB | F92: | | G92: TEN | I92: ='2024_Roster_Offseason'!$C92&'2024_Roster_Offseason'!$D92 -> KennethMurray | J92: 0.33 | K92: 0.13 | L92: 0 | M92: 20 | N92: 0 | O92: {=INDEX('2024_Transactions'!$J$2:$J$339,MATCH(1,('2024_Transactions'!$C$2:$C$339='2024_Roster_Offseason'!$I92)*('2024_Roster_Offseason'!$A92='2024_Transactions'!$B$2:$B$339),0))} -> #N/A | P92: {=INDEX('2024_Draft_team'!$J$2:$J$271,MATCH(1,('2024_Roster_Offseason'!$I92='2024_Draft_team'!$Q$2:$Q$271)*('2024_Roster_Offseason'!$A92='2024_Draft_team'!$B$2:$B$271),0))} -> 6 | Q92: N
A93: Fields of Dreams | B93: DL-LB-DB | C93: Bobby | D93: Okereke | E93: DL-LB-DB | F93: | | G93: NYG | I93: ='2024_Roster_Offseason'!$C93&'2024_Roster_Offseason'!$D93 -> BobbyOkereke | J93: 0.63 | K93: 0.15 | L93: 0 | M93: 19.33 | N93: 0 | O93: {=INDEX('2024_Transactions'!$J$2:$J$339,MATCH(1,('2024_Transactions'!$C$2:$C$339='2024_Roster_Offseason'!$I93)*('2024_Roster_Offseason'!$A93='2024_Transactions'!$B$2:$B$339),0))} -> #N/A | P93: {=INDEX('2024_Draft_team'!$J$2:$J$271,MATCH(1,('2024_Roster_Offseason'!$I93='2024_Draft_team'!$Q$2:$Q$271)*('2024_Roster_Offseason'!$A93='2024_Draft_team'!$B$2:$B$271),0))} -> 1 | Q93: N
A94: Gatordontplay | B94: QB | C94: Jared | D94: Goff | E94: QB | F94: | | G94: DET | I94: ='2024_Roster_Offseason'!$C94&'2024_Roster_Offseason'!$D94 -> JaredGoff | J94: 0.99 | K94: 0.69 | L94: 0 | M94: 44.47 | N94: 0 | O94: {=INDEX('2024_Transactions'!$J$2:$J$339,MATCH(1,('2024_Transactions'!$C$2:$C$339='2024_Roster_Offseason'!$I94)*('2024_Roster_Offseason'!$A94='2024_Transactions'!$B$2:$B$339),0))} -> #N/A | P94: {=INDEX('2024_Draft_team'!$J$2:$J$271,MATCH(1,('2024_Roster_Offseason'!$I94='2024_Draft_team'!$Q$2:$Q$271)*('2024_Roster_Offseason'!$A94='2024_Draft_team'!$B$2:$B$271),0))} -> N/A | Q94: N
A95: Gatordontplay | B95: QB | C95: Baker | D95: Mayfield | E95: QB | F95: | | G95: TB | I95: ='2024_Roster_Offseason'!$C95&'2024_Roster_Offseason'!$D95 -> BakerMayfield | J95: 0.98 | K95: 0.67 | L95: 0 | M95: 51.18 | N95: 0 | O95: {=INDEX('2024_Transactions'!$J$2:$J$339,MATCH(1,('2024_Transactions'!$C$2:$C$339='2024_Roster_Offseason'!$I95)*('2024_Roster_Offseason'!$A95='2024_Transactions'!$B$2:$B$339),0))} -> #N/A | P95: {=INDEX('2024_Draft_team'!$J$2:$J$271,MATCH(1,('2024_Roster_Offseason'!$I95='2024_Draft_team'!$Q$2:$Q$271)*('2024_Roster_Offseason'!$A95='2024_Draft_team'!$B$2:$B$271),0))} -> 10 | Q95: Y
A96: Gatordontplay | B96: RB | C96: Derrick | D96: Henry | E96: RB | F96: | | G96: BAL | I96: ='2024_Roster_Offseason'!$C96&'2024_Roster_Offseason'!$D96 -> DerrickHenry | J96: 1 | K96: 0.91 | L96: 0 | M96: 39.18 | N96: 0 | O96: {=INDEX('2024_Transactions'!$J$2:$J$339,MATCH(1,('2024_Transactions'!$C$2:$C$339='2024_Roster_Offseason'!$I96)*('2024_Roster_Offseason'!$A96='2024_Transactions'!$B$2:$B$339),0))} -> #N/A | P96: {=INDEX('2024_Draft_team'!$J$2:$J$271,MATCH(1,('2024_Roster_Offseason'!$I96='2024_Draft_team'!$Q$2:$Q$271)*('2024_Roster_Offseason'!$A96='2024_Draft_team'!$B$2:$B$271),0))} -> N/A | Q96: N
A97: Gatordontplay | B97: RB | C97: Aaron | D97: Jones | E97: RB | F97: | | G97: MIN | I97: ='2024_Roster_Offseason'!$C97&'2024_Roster_Offseason'!$D97 -> AaronJones | J97: 1 | K97: 0.88 | L97: 0 | M97: 22.47 | N97: 0 | O97: {=INDEX('2024_Transactions'!$J$2:$J$339,MATCH(1,('2024_Transactions'!$C$2:$C$339='2024_Roster_Offseason'!$I97)*('2024_Roster_Offseason'!$A97='2024_Transactions'!$B$2:$B$339),0))} -> #N/A | P97: {=INDEX('2024_Draft_team'!$J$2:$J$271,MATCH(1,('2024_Roster_Offseason'!$I97='2024_Draft_team'!$Q$2:$Q$271)*('2024_Roster_Offseason'!$A97='2024_Draft_team'!$B$2:$B$271),0))} -> 1 | Q97: N
A98: Gatordontplay | B98: WR-TE | C98: Marvin | D98: Harrison | E98: Jr. | F98: WR-TE | G98: | | H98: ARI | I98: ='2024_Roster_Offseason'!$C98&'2024_Roster_Offseason'!$D98&'2024_Roster_Offseason'!$E98 -> MarvinHarrisonJr. | J98: 0.99 | K98: 0.71 | L98: 0 | M98: 19.35 | N98: 0 | O98: {=INDEX('2024_Transactions'!$J$2:$J$339,MATCH(1,('2024_Transactions'!$C$2:$C$339='2024_Roster_Offseason'!$I98)*('2024_Roster_Offseason'!$A98='2024_Transactions'!$B$2:$B$339),0))} -> #N/A | P98: {=INDEX('2024_Draft_team'!$J$2:$J$271,MATCH(1,('2024_Roster_Offseason'!$I98='2024_Draft_team'!$Q$2:$Q$271)*('2024_Roster_Offseason'!$A98='2024_Draft_team'!$B$2:$B$271),0))} -> 2 | Q98: N
A99: Gatordontplay | B99: WR-TE | C99: Travis | D99: Kelce | E99: WR-TE | F99: | | G99: KC | I99: ='2024_Roster_Offseason'!$C99&'2024_Roster_Offseason'!$D99 -> TravisKelce | J99: 1 | K99: 0.85 | L99: 14 | M99: 23.06 | N99: 0 | O99: {=INDEX('2024_Transactions'!$J$2:$J$339,MATCH(1,('2024_Transactions'!$C$2:$C$339='2024_Roster_Offseason'!$I99)*('2024_Roster_Offseason'!$A99='2024_Transactions'!$B$2:$B$339),0))} -> #N/A | P99: {=INDEX('2024_Draft_team'!$J$2:$J$271,MATCH(1,('2024_Roster_Offseason'!$I99='2024_Draft_team'!$Q$2:$Q$271)*('2024_Roster_Offseason'!$A99='2024_Draft_team'!$B$2:$B$271),0))} -> N/A | Q99: N
A100: Gatordontplay | B100: WR-TE | C100: Courtland | D100: Sutton | E100: WR-TE | F100: | | G100: DEN | I100: ='2024_Roster_Offseason'!$C100&'2024_Roster_Offseason'!$D100 -> CourtlandSutton | J100: 0.98 | K100: 0.75 | L100: 0 | M100: 24.41 | N100: 0 | O100: {=INDEX('2024_Transactions'!$J$2:$J$339,MATCH(1,('2024_Transactions'!$C$2:$C$339='2024_Roster_Offseason'!$I100)*('2024_Roster_Offseason'!$A100='2024_Transactions'!$B$2:$B$339),0))} -> #N/A | P100: {=INDEX('2024_Draft_team'!$J$2:$J$271,MATCH(1,('2024_Roster_Offseason'!$I100='2024_Draft_team'!$Q$2:$Q$271)*('2024_Roster_Offseason'!$A100='2024_Draft_team'!$B$2:$B$271),0))} -> 21 | Q100: Y
...

Sheet 2024_Transactions
A1: Date | B1: Team | C1: PlayerMatch | D1: First | E1: Last | F1: Position | G1: Break | H1: Team2 | I1: N/A | J1: Type
A2: 12/29/24 12:38 PM ET | B2: Let Bijans be Bijans | C2: =+'2024_Transactions'!$D2&'2024_Transactions'!$E2 -> MaristLiufau | D2: Marist | E2: Liufau | F2: LB | G2: | | H2: DAL | I2: - | J2: Dropped
A3: 12/29/24 3:16 AM ET | B3: Sweet Chin Music | C3: =+'2024_Transactions'!$D3&'2024_Transactions'!$E3 -> JalenMcMillan | D3: Jalen | E3: McMillan | F3: WR | G3: | | H3: TB | I3: - | J3: Signed
A4: 12/29/24 3:16 AM ET | B4: Sweet Chin Music | C4: =+'2024_Transactions'!$D4&'2024_Transactions'!$E4 -> MilesSanders | D4: Miles | E4: Sanders | F4: RB | G4: | | H4: CAR | I4: - | J4: Signed
A5: 12/28/24 9:09 AM ET | B5: Sweet Chin Music | C5: =+'2024_Transactions'!$D5&'2024_Transactions'!$E5 -> TylerAllgeier | D5: Tyler | E5: Allgeier | F5: RB | G5: | | H5: ATL | I5: - | J5: Dropped
A6: 12/28/24 1:45 AM ET | B6: Fields of Dreams | C6: =+'2024_Transactions'!$D6&'2024_Transactions'!$E6 -> DrewSanders | D6: Drew | E6: Sanders | F6: LB | G6: | | H6: DEN | I6: - | J6: Signed
A7: 12/28/24 1:45 AM ET | B7: Fields of Dreams | C7: =+'2024_Transactions'!$D7&'2024_Transactions'!$E7 -> TySummers | D7: Ty | E7: Summers | F7: LB | G7: | | H7: NYG | I7: - | J7: Signed
A8: 12/28/24 1:45 AM ET | B8: Sweet Chin Music | C8: =+'2024_Transactions'!$D8&'2024_Transactions'!$E8 -> JacobyWindmon | D8: Jacoby | E8: Windmon | F8: LB | G8: | | H8: CAR | I8: - | J8: Signed
A9: 12/26/24 1:46 AM ET | B9: Fields of Dreams | C9: =+'2024_Transactions'!$D9&'2024_Transactions'!$E9 -> DaRonBland | D9: DaRon | E9: Bland | F9: DB | G9: | | H9: DAL | I9: - | J9: Signed
A10: 12/26/24 1:46 AM ET | B10: Fields of Dreams | C10: =+'2024_Transactions'!$D10&'2024_Transactions'!$E10 -> CedricGray | D10: Cedric | E10: Gray | F10: LB | G10: | | H10: TEN | I10: - | J10: Signed
A11: 12/25/24 10:52 AM ET | B11: Fields of Dreams | C11: =+'2024_Transactions'!$D11&'2024_Transactions'!$E11 -> NevilleHewitt | D11: Neville | E11: Hewitt | F11: LB | G11: | | H11: HOU | I11: - | J11: Dropped
A12: 12/22/24 9:18 AM ET | B12: The Bushwhackers | C12: =+'2024_Transactions'!$D12&'2024_Transactions'!$E12 -> DonovanWilson | D12: Donovan | E12: Wilson | F12: DB | G12: | | H12: DAL | I12: - | J12: Signed
A13: 12/22/24 7:15 AM ET | B13: Fields of Dreams | C13: =+'2024_Transactions'!$D13&'2024_Transactions'!$E13 -> TyjaeSpears | D13: Tyjae | E13: Spears | F13: RB | G13: | | H13: TEN | I13: - | J13: Signed
... A339: 5/8/24 1:42 PM ET | B339: Go Go Garrett | C339: =+'2024_Transactions'!$D339&'2024_Transactions'!$E339 -> RasheeRice | D339: Rashee | E339: Rice | F339: WR | G339: | | H339: KC | I339: - | J339: Dropped
A340: red = Transaction performed by commissioner

Sheet 2024_Draft_team
A1: Rnd/Pk | B1: Team | C1: Player | D1: Elapsed Time | E1: Rank | F1: Total Fpts | G1: Active Fpts | H1: Keeper | I1: 2024Round | J1: 2025Round | K1: First | L1: Last | M1: Position | N1: Blank | O1: Team2 | P1: Column6 | Q1: PlayerMatch | R1: Dropped
A2: 1/1 | B2: Gatordontplay | C2: Jared Goff QB | DET (Keeper) | E2: #8 QB | F2: 756 | G2: 710 | H2: =(RIGHT('2024_Draft_team'!$C2,8)="(Keeper)") -> TRUE | I2: =IF(RIGHT(LEFT('2024_Draft_team'!$A2,3))="/",RIGHT(LEFT('2024_Draft_team'!$A2,2),1),RIGHT(LEFT('2024_Draft_team'!$A2,3),2)) -> 1 | J2: =IF(OR(AND(('2024_Draft_team'!$I2-4)<=0,'2024_Draft_team'!$H2=TRUE),('2024_Draft_team'!$R2=TRUE)),"N/A",IF('2024_Draft_team'!$H2=TRUE,'2024_Draft_team'!$I2-4,'2024_Draft_team'!$I2-0)) -> N/A | K2: Jared | L2: Goff | M2: QB | N2: | | O2: DET | P2: (Keeper) | Q2: ='2024_Draft_team'!$K2&'2024_Draft_team'!$L2 -> JaredGoff | R2: {=IFERROR((INDEX('2024_Transactions'!$J$2:$J$339,MATCH(1,('2024_Draft_team'!$Q2='2024_Transactions'!$C$2:$C$339)*('2024_Draft_team'!$B2='2024_Transactions'!$B$2:$B$339)*('2024_Transactions'!$J$2:$J$339="Dropped"),0))="Dropped"),FALSE)} -> FALSE
A3: 2/1 | B3: Gatordontplay | C3: Marvin Harrison Jr. WR | ARI | D3: 8 min 19 sec | E3: #32 WR | F3: 329 | G3: 253 | H3: =(RIGHT('2024_Draft_team'!$C3,8)="(Keeper)") -> FALSE | I3: =IF(RIGHT(LEFT('2024_Draft_team'!$A3,3))="/",RIGHT(LEFT('2024_Draft_team'!$A3,2),1),RIGHT(LEFT('2024_Draft_team'!$A3,3),2)) -> 2 | J3: =IF(OR(AND(('2024_Draft_team'!$I3-4)<=0,'2024_Draft_team'!$H3=TRUE),('2024_Draft_team'!$R3=TRUE)),"N/A",IF('2024_Draft_team'!$H3=TRUE,'2024_Draft_team'!$I3-4,'2024_Draft_team'!$I3-0)) -> 2 | K3: Marvin | L3: Harrison | M3: Jr. | N3: WR | O3: | | P3: ARI | Q3: ='2024_Draft_team'!$K3&'2024_Draft_team'!$L3&'2024_Draft_team'!$M3 -> MarvinHarrisonJr. | R3: {=IFERROR((INDEX('2024_Transactions'!$J$2:$J$339,MATCH(1,('2024_Draft_team'!$Q3='2024_Transactions'!$C$2:$C$339)*('2024_Draft_team'!$B3='2024_Transactions'!$B$2:$B$339)*('2024_Transactions'!$J$2:$J$339="Dropped"),0))="Dropped"),FALSE)} -> FALSE
A4: 3/1 | B4: Gatordontplay | C4: Derrick Henry RB | BAL (Keeper) | D4: 0 sec | E4: #2 RB | F4: 666 | G4: 533 | H4: =(RIGHT('2024_Draft_team'!$C4,8)="(Keeper)") -> TRUE | I4: =IF(RIGHT(LEFT('2024_Draft_team'!$A4,3))="/",RIGHT(LEFT('2024_Draft_team'!$A4,2),1),RIGHT(LEFT('2024_Draft_team'!$A4,3),2)) -> 3 | J4: =IF(OR(AND(('2024_Draft_team'!$I4-4)<=0,'2024_Draft_team'!$H4=TRUE),('2024_Draft_team'!$R4=TRUE)),"N/A",IF('2024_Draft_team'!$H4=TRUE,'2024_Draft_team'!$I4-4,'2024_Draft_team'!$I4-0)) -> N/A | K4: Derrick | L4: Henry | M4: RB | N4: | | O4: BAL | P4: (Keeper) | Q4: ='2024_Draft_team'!$K4&'2024_Draft_team'!$L4 -> DerrickHenry | R4: {=IFERROR((INDEX('2024_Transactions'!$J$2:$J$339,MATCH(1,('2024_Draft_team'!$Q4='2024_Transactions'!$C$2:$C$339)*('2024_Draft_team'!$B4='2024_Transactions'!$B$2:$B$339)*('2024_Transactions'!$J$2:$J$339="Dropped"),0))="Dropped"),FALSE)} -> FALSE
A5: 4/1 | B5: Gatordontplay | C5: Travis Kelce TE | KC (Keeper) | D5: 0 sec | E5: #5 TE | F5: 369 | G5: 264 | H5: =(RIGHT('2024_Draft_team'!$C5,8)="(Keeper)") -> TRUE | I5: =IF(RIGHT(LEFT('2024_Draft_team'!$A5,3))="/",RIGHT(LEFT('2024_Draft_team'!$A5,2),1),RIGHT(LEFT('2024_Draft_team'!$A5,3),2)) -> 4 | J5: =IF(OR(AND(('2024_Draft_team'!$I5-4)<=0,'2024_Draft_team'!$H5=TRUE),('2024_Draft_team'!$R5=TRUE)),"N/A",IF('2024_Draft_team'!$H5=TRUE,'2024_Draft_team'!$I5-4,'2024_Draft_team'!$I5-0)) -> N/A | K5: Travis | L5: Kelce | M5: TE | N5: | | O5: KC | P5: (Keeper) | Q5: ='2024_Draft_team'!$K5&'2024_Draft_team'!$L5 -> TravisKelce | R5: {=IFERROR((INDEX('2024_Transactions'!$J$2:$J$339,MATCH(1,('2024_Draft_team'!$Q5='2024_Transactions'!$C$2:$C$339)*('2024_Draft_team'!$B5='2024_Transactions'!$B$2:$B$339)*('2024_Transactions'!$J$2:$J$339="Dropped"),0))="Dropped"),FALSE)} -> FALSE
A6: 5/1 | B6: Gatordontplay | C6: Aaron Jones RB | MIN (Keeper) | D6: 0 sec | E6: #16 RB | F6: 382 | G6: 266 | H6: =(RIGHT('2024_Draft_team'!$C6,8)="(Keeper)") -> TRUE | I6: =IF(RIGHT(LEFT('2024_Draft_team'!$A6,3))="/",RIGHT(LEFT('2024_Draft_team'!$A6,2),1),RIGHT(LEFT('2024_Draft_team'!$A6,3),2)) -> 5 | J6: =IF(OR(AND(('2024_Draft_team'!$I6-4)<=0,'2024_Draft_team'!$H6=TRUE),('2024_Draft_team'!$R6=TRUE)),"N/A",IF('2024_Draft_team'!$H6=TRUE,'2024_Draft_team'!$I6-4,'2024_Draft_team'!$I6-0)) -> 1 | K6: Aaron | L6: Jones | M6: RB | N6: | | O6: MIN | P6: (Keeper) | Q6: ='2024_Draft_team'!$K6&'2024_Draft_team'!$L6 -> AaronJones | R6: {=IFERROR((INDEX('2024_Transactions'!$J$2:$J$339,MATCH(1,('2024_Draft_team'!$Q6='2024_Transactions'!$C$2:$C$339)*('2024_Draft_team'!$B6='2024_Transactions'!$B$2:$B$339)*('2024_Transactions'!$J$2:$J$339="Dropped"),0))="Dropped"),FALSE)} -> FALSE
A7: 6/1 | B7: Gatordontplay | C7: Drue Tranquill LB | KC (Keeper) | D7: 0 sec | E7: #34 LB | F7: 302 | G7: 238 | H7: =(RIGHT('2024_Draft_team'!$C7,8)="(Keeper)") -> TRUE | I7: =IF(RIGHT(LEFT('2024_Draft_team'!$A7,3))="/",RIGHT(LEFT('2024_Draft_team'!$A7,2),1),RIGHT(LEFT('2024_Draft_team'!$A7,3),2)) -> 6 | J7: =IF(OR(AND(('2024_Draft_team'!$I7-4)<=0,'2024_Draft_team'!$H7=TRUE),('2024_Draft_team'!$R7=TRUE)),"N/A",IF('2024_Draft_team'!$H7=TRUE,'2024_Draft_team'!$I7-4,'2024_Draft_team'!$I7-0)) -> 2 | K7: Drue | L7: Tranquill | M7: LB | N7: | | O7: KC | P7: (Keeper) | Q7: ='2024_Draft_team'!$K7&'2024_Draft_team'!$L7 -> DrueTranquill | R7: {=IFERROR((INDEX('2024_Transactions'!$J$2:$J$339,MATCH(1,('2024_Draft_team'!$Q7='2024_Transactions'!$C$2:$C$339)*('2024_Draft_team'!$B7='2024_Transactions'!$B$2:$B$339)*('2024_Transactions'!$J$2:$J$339="Dropped"),0))="Dropped"),FALSE)} -> FALSE
A8: 7/1 | B8: Gatordontplay | C8: Deebo Samuel WR | SF (Keeper) | D8: 0 sec | E8: #46 WR | F8: 257 | G8: 131 | H8: =(RIGHT('2024_Draft_team'!$C8,8)="(Keeper)") -> TRUE | I8: =IF(RIGHT(LEFT('2024_Draft_team'!$A8,3))="/",RIGHT(LEFT('2024_Draft_team'!$A8,2),1),RIGHT(LEFT('2024_Draft_team'!$A8,3),2)) -> 7 | J8: =IF(OR(AND(('2024_Draft_team'!$I8-4)<=0,'2024_Draft_team'!$H8=TRUE),('2024_Draft_team'!$R8=TRUE)),"N/A",IF('2024_Draft_team'!$H8=TRUE,'2024_Draft_team'!$I8-4,'2024_Draft_team'!$I8-0)) -> 3 | K8: Deebo | L8: Samuel | M8: WR | N8: | | O8: SF | P8: (Keeper) | Q8: ='2024_Draft_team'!$K8&'2024_Draft_team'!$L8 -> DeeboSamuel | R8: {=IFERROR((INDEX('2024_Transactions'!$J$2:$J$339,MATCH(1,('2024_Draft_team'!$Q8='2024_Transactions'!$C$2:$C$339)*('2024_Draft_team'!$B8='2024_Transactions'!$B$2:$B$339)*('2024_Transactions'!$J$2:$J$339="Dropped"),0))="Dropped"),FALSE)} -> FALSE
A9: 8/1 | B9: Gatordontplay | C9: Jaylen Waddle WR | MIA (Keeper) | D9: 0 sec | E9: #49 WR | F9: 241 | G9: 57 | H9: =(RIGHT('2024_Draft_team'!$C9,8)="(Keeper)") -> TRUE | I9: =IF(RIGHT(LEFT('2024_Draft_team'!$A9,3))="/",RIGHT(LEFT('2024_Draft_team'!$A9,2),1),RIGHT(LEFT('2024_Draft_team'!$A9,3),2)) -> 8 | J9: =IF(OR(AND(('2024_Draft_team'!$I9-4)<=0,'2024_Draft_team'!$H9=TRUE),('2024_Draft_team'!$R9=TRUE)),"N/A",IF('2024_Draft_team'!$H9=TRUE,'2024_Draft_team'!$I9-4,'2024_Draft_team'!$I9-0)) -> 4 | K9: Jaylen | L9: Waddle | M9: WR | N9: | | O9: MIA | P9: (Keeper) | Q9: ='2024_Draft_team'!$K9&'2024_Draft_team'!$L9 -> JaylenWaddle | R9: {=IFERROR((INDEX('2024_Transactions'!$J$2:$J$339,MATCH(1,('2024_Draft_team'!$Q9='2024_Transactions'!$C$2:$C$339)*('2024_Draft_team'!$B9='2024_Transactions'!$B$2:$B$339)*('2024_Transactions'!$J$2:$J$339="Dropped"),0))="Dropped"),FALSE)} -> FALSE
A10: 9/1 | B10: Gatordontplay | C10: Eddie Jackson DB | LAC (Keeper) | D10: 0 sec | E10: #225 DB | F10: 73 | G10: 38 | H10: =(RIGHT('2024_Draft_team'!$C10,8)="(Keeper)") -> TRUE | I10: =IF(RIGHT(LEFT('2024_Draft_team'!$A10,3))="/",RIGHT(LEFT('2024_Draft_team'!$A10,2),1),RIGHT(LEFT('2024_Draft_team'!$A10,3),2)) -> 9 | J10: =IF(OR(AND(('2024_Draft_team'!$I10-4)<=0,'2024_Draft_team'!$H10=TRUE),('2024_Draft_team'!$R10=TRUE)),"N/A",IF('2024_Draft_team'!$H10=TRUE,'2024_Draft_team'!$I10-4,'2024_Draft_team'!$I10-0)) -> N/A | K10: Eddie | L10: Jackson | M10: DB | N10: | | O10: LAC | P10: (Keeper) | Q10: ='2024_Draft_team'!$K10&'2024_Draft_team'!$L10 -> EddieJackson | R10: {=IFERROR((INDEX('2024_Transactions'!$J$2:$J$339,MATCH(1,('2024_Draft_team'!$Q10='2024_Transactions'!$C$2:$C$339)*('2024_Draft_team'!$B10='2024_Transactions'!$B$2:$B$339)*('2024_Transactions'!$J$2:$J$339="Dropped"),0))="Dropped"),FALSE)} -> TRUE
A11: 10/1 | B11: Gatordontplay | C11: Tony Pollard RB | TEN | D11: 10 hrs 45 min 33 sec | E11: #21 RB | F11: 317 | G11: 98 | H11: =(RIGHT('2024_Draft_team'!$C11,8)="(Keeper)") -> FALSE | I11: =IF(RIGHT(LEFT('2024_Draft_team'!$A11,3))="/",RIGHT(LEFT('2024_Draft_team'!$A11,2),1),RIGHT(LEFT('2024_Draft_team'!$A11,3),2)) -> 10 | J11: =IF(OR(AND(('2024_Draft_team'!$I11-4)<=0,'2024_Draft_team'!$H11=TRUE),('2024_Draft_team'!$R11=TRUE)),"N/A",IF('2024_Draft_team'!$H11=TRUE,'2024_Draft_team'!$I11-4,'2024_Draft_team'!$I11-0)) -> 10 | K11: Tony | L11: Pollard | M11: RB | N11: | | O11: TEN | Q11: ='2024_Draft_team'!$K11&'2024_Draft_team'!$L11 -> TonyPollard | R11: {=IFERROR((INDEX('2024_Transactions'!$J$2:$J$339,MATCH(1,('2024_Draft_team'!$Q11='2024_Transactions'!$C$2:$C$339)*('2024_Draft_team'!$B11='2024_Transactions'!$B$2:$B$339)*('2024_Transactions'!$J$2:$J$339="Dropped"),0))="Dropped"),FALSE)} -> FALSE
A12: 11/1 | B12: Gatordontplay | C12: Lavonte David LB | TB (Keeper) | D12: 1 sec | E12: #6 LB | F12: 403 | G12: 360 | H12: =(RIGHT('2024_Draft_team'!$C12,8)="(Keeper)") -> TRUE | I12: =IF(RIGHT(LEFT('2024_Draft_team'!$A12,3))="/",RIGHT(LEFT('2024_Draft_team'!$A12,2),1),RIGHT(LEFT('2024_Draft_team'!$A12,3),2)) -> 11 | J12: =IF(OR(AND(('2024_Draft_team'!$I12-4)<=0,'2024_Draft_team'!$H12=TRUE),('2024_Draft_team'!$R12=TRUE)),"N/A",IF('2024_Draft_team'!$H12=TRUE,'2024_Draft_team'!$I12-4,'2024_Draft_team'!$I12-0)) -> 7 | K12: Lavonte | L12: David | M12: LB | N12: | | O12: TB | P12: (Keeper) | Q12: ='2024_Draft_team'!$K12&'2024_Draft_team'!$L12 -> LavonteDavid | R12: {=IFERROR((INDEX('2024_Transactions'!$J$2:$J$339,MATCH(1,('2024_Draft_team'!$Q12='2024_Transactions'!$C$2:$C$339)*('2024_Draft_team'!$B12='2024_Transactions'!$B$2:$B$339)*('2024_Transactions'!$J$2:$J$339="Dropped"),0))="Dropped"),FALSE)} -> FALSE
A13: 12/1 | B13: Gatordontplay | C13: Antoine Winfield Jr. DB | TB (Keeper) | D13: 0 sec | E13: #120 DB | F13: 183 | G13: 170 | H13: =(RIGHT('2024_Draft_team'!$C13,8)="(Keeper)") -> TRUE | I13: =IF(RIGHT(LEFT('2024_Draft_team'!$A13,3))="/",RIGHT(LEFT('2024_Draft_team'!$A13,2),1),RIGHT(LEFT('2024_Draft_team'!$A13,3),2)) -> 12 | J13: =IF(OR(AND(('2024_Draft_team'!$I13-4)<=0,'2024_Draft_team'!$H13=TRUE),('2024_Draft_team'!$R13=TRUE)),"N/A",IF('2024_Draft_team'!$H13=TRUE,'2024_Draft_team'!$I13-4,'2024_Draft_team'!$I13-0)) -> 8 | K13: Antoine | L13: Winfield | M13: Jr. | N13: DB | O13: | | P13: TB | Q13: ='2024_Draft_team'!$K13&'2024_Draft_team'!$L13&'2024_Draft_team'!$M13 -> AntoineWinfieldJr. | R13: {=IFERROR((INDEX('2024_Transactions'!$J$2:$J$339,MATCH(1,('2024_Draft_team'!$Q13='2024_Transactions'!$C$2:$C$339)*('2024_Draft_team'!$B13='2024_Transactions'!$B$2:$B$339)*('2024_Transactions'!$J$2:$J$339="Dropped"),0))="Dropped"),FALSE)} -> FALSE
A14: 13/1 | B14: Gatordontplay | C14: Tyler Lockett WR | SEA (Keeper) | D14: 0 sec | E14: #64 WR | F14: 210 | G14: 42 | H14: =(RIGHT('2024_Draft_team'!$C14,8)="(Keeper)") -> TRUE | I14: =IF(RIGHT(LEFT('2024_Draft_team'!$A14,3))="/",RIGHT(LEFT('2024_Draft_team'!$A14,2),1),RIGHT(LEFT('2024_Draft_team'!$A14,3),2)) -> 13 | J14: =IF(OR(AND(('2024_Draft_team'!$I14-4)<=0,'2024_Draft_team'!$H14=TRUE),('2024_Draft_team'!$R14=TRUE)),"N/A",IF('2024_Draft_team'!$H14=TRUE,'2024_Draft_team'!$I14-4,'2024_Draft_team'!$I14-0)) -> 9 | K14: Tyler | L14: Lockett | M14: WR | N14: | | O14: SEA | P14: (Keeper) | Q14: ='2024_Draft_team'!$K14&'2024_Draft_team'!$L14 -> TylerLockett | R14: {=IFERROR((INDEX('2024_Transactions'!$J$2:$J$339,MATCH(1,('2024_Draft_team'!$Q14='2024_Transactions'!$C$2:$C$339)*('2024_Draft_team'!$B14='2024_Transactions'!$B$2:$B$339)*('2024_Transactions'!$J$2:$J$339="Dropped"),0))="Dropped"),FALSE)} -> FALSE
A15: 14/1 | B15: Gatordontplay | C15: Baker Mayfield QB | TB (Keeper) | D15: 0 sec | E15: #5 QB | F15: 870 | G15: 667 | H15: =(RIGHT('2024_Draft_team'!$C15,8)="(Keeper)") -> TRUE | I15: =IF(RIGHT(LEFT('2024_Draft_team'!$A15,3))="/",RIGHT(LEFT('2024_Draft_team'!$A15,2),1),RIGHT(LEFT('2024_Draft_team'!$A15,3),2)) -> 14 | J15: =IF(OR(AND(('2024_Draft_team'!$I15-4)<=0,'2024_Draft_team'!$H15=TRUE),('2024_Draft_team'!$R15=TRUE)),"N/A",IF('2024_Draft_team'!$H15=TRUE,'2024_Draft_team'!$I15-4,'2024_Draft_team'!$I15-0)) -> 10 | K15: Baker | L15: Mayfield | M15: QB | N15: | | O15: TB | P15: (Keeper) | Q15: ='2024_Draft_team'!$K15&'2024_Draft_team'!$L15 -> BakerMayfield | R15: {=IFERROR((INDEX('2024_Transactions'!$J$2:$J$339,MATCH(1,('2024_Draft_team'!$Q15='2024_Transactions'!$C$2:$C$339)*('2024_Draft_team'!$B15='2024_Transactions'!$B$2:$B$339)*('2024_Transactions'!$J$2:$J$339="Dropped"),0))="Dropped"),FALSE)} -> FALSE
A16: 15/1 | B16: Gatordontplay | C16: Aaron Rodgers QB | NYJ (Keeper) | D16: 0 sec | E16: #14 QB | F16: 597 | G16: 95 | H16: =(RIGHT('2024_Draft_team'!$C16,8)="(Keeper)") -> TRUE | I16: =IF(RIGHT(LEFT('2024_Draft_team'!$A16,3))="/",RIGHT(LEFT('2024_Draft_team'!$A16,2),1),RIGHT(LEFT('2024_Draft_team'!$A16,3),2)) -> 15 | J16: =IF(OR(AND(('2024_Draft_team'!$I16-4)<=0,'2024_Draft_team'!$H16=TRUE),('2024_Draft_team'!$R16=TRUE)),"N/A",IF('2024_Draft_team'!$H16=TRUE,'2024_Draft_team'!$I16-4,'2024_Draft_team'!$I16-0)) -> 11 | K16: Aaron | L16: Rodgers | M16: QB | N16: | | O16: NYJ | P16: (Keeper) | Q16: ='2024_Draft_team'!$K16&'2024_Draft_team'!$L16 -> AaronRodgers | R16: {=IFERROR((INDEX('2024_Transactions'!$J$2:$J$339,MATCH(1,('2024_Draft_team'!$Q16='2024_Transactions'!$C$2:$C$339)*('2024_Draft_team'!$B16='2024_Transactions'!$B$2:$B$339)*('2024_Transactions'!$J$2:$J$339="Dropped"),0))="Dropped"),FALSE)} -> FALSE
A17: 16/1 | B17: Gatordontplay | C17: Kamren Curl DB | LAR (Keeper) | D17: 0 sec | E17: #59 DB | F17: 241 | G17: 221 | H17: =(RIGHT('2024_Draft_team'!$C17,8)="(Keeper)") -> TRUE | I17: =IF(RIGHT(LEFT('2024_Draft_team'!$A17,3))="/",RIGHT(LEFT('2024_Draft_team'!$A17,2),1),RIGHT(LEFT('2024_Draft_team'!$A17,3),2)) -> 16 | J17: =IF(OR(AND(('2024_Draft_team'!$I17-4)<=0,'2024_Draft_team'!$H17=TRUE),('2024_Draft_team'!$R17=TRUE)),"N/A",IF('2024_Draft_team'!$H17=TRUE,'2024_Draft_team'!$I17-4,'2024_Draft_team'!$I17-0)) -> 12 | K17: Kamren | L17: Curl | M17: DB | N17: | | O17: LAR | P17: (Keeper) | Q17: ='2024_Draft_team'!$K17&'2024_Draft_team'!$L17 -> KamrenCurl | R17: {=IFERROR((INDEX('2024_Transactions'!$J$2:$J$339,MATCH(1,('2024_Draft_team'!$Q17='2024_Transactions'!$C$2:$C$339)*('2024_Draft_team'!$B17='2024_Transactions'!$B$2:$B$339)*('2024_Transactions'!$J$2:$J$339="Dropped"),0))="Dropped"),FALSE)} -> FALSE
A18: 17/1 | B18: Gatordontplay | C18: Rayshawn Jenkins DB | SEA (Keeper) | D18: 0 sec | E18: #143 DB | F18: 157 | G18: 102 | H18: =(RIGHT('2024_Draft_team'!$C18,8)="(Keeper)") -> TRUE | I18: =IF(RIGHT(LEFT('2024_Draft_team'!$A18,3))="/",RIGHT(LEFT('2024_Draft_team'!$A18,2),1),RIGHT(LEFT('2024_Draft_team'!$A18,3),2)) -> 17 | J18: =IF(OR(AND(('2024_Draft_team'!$I18-4)<=0,'2024_Draft_team'!$H18=TRUE),('2024_Draft_team'!$R18=TRUE)),"N/A",IF('2024_Draft_team'!$H18=TRUE,'2024_Draft_team'!$I18-4,'2024_Draft_team'!$I18-0)) -> N/A | K18: Rayshawn | L18: Jenkins | M18: DB | N18: | | O18: SEA | P18: (Keeper) | Q18: ='2024_Draft_team'!$K18&'2024_Draft_team'!$L18 -> RayshawnJenkins | R18: {=IFERROR((INDEX('2024_Transactions'!$J$2:$J$339,MATCH(1,('2024_Draft_team'!$Q18='2024_Transactions'!$C$2:$C$339)*('2024_Draft_team'!$B18='2024_Transactions'!$B$2:$B$339)*('2024_Transactions'!$J$2:$J$339="Dropped"),0))="Dropped"),FALSE)} -> TRUE
A19: 18/1 | B19: Gatordontplay | C19: Harrison Butker K | KC (Keeper) | D19: 0 sec | E19: #24 K | F19: 224 | G19: 153 | H19: =(RIGHT('2024_Draft_team'!$C19,8)="(Keeper)") -> TRUE | I19: =IF(RIGHT(LEFT('2024_Draft_team'!$A19,3))="/",RIGHT(LEFT('2024_Draft_team'!$A19,2),1),RIGHT(LEFT('2024_Draft_team'!$A19,3),2)) -> 18 | J19: =IF(OR(AND(('2024_Draft_team'!$I19-4)<=0,'2024_Draft_team'!$H19=TRUE),('2024_Draft_team'!$R19=TRUE)),"N/A",IF('2024_Draft_team'!$H19=TRUE,'2024_Draft_team'!$I19-4,'2024_Draft_team'!$I19-0)) -> 14 | K19: Harrison | L19: Butker | M19: K | N19: | | O19: KC | P19: (Keeper) | Q19: ='2024_Draft_team'!$K19&'2024_Draft_team'!$L19 -> HarrisonButker | R19: {=IFERROR((INDEX('2024_Transactions'!$J$2:$J$339,MATCH(1,('2024_Draft_team'!$Q19='2024_Transactions'!$C$2:$C$339)*('2024_Draft_team'!$B19='2024_Transactions'!$B$2:$B$339)*('2024_Transactions'!$J$2:$J$339="Dropped"),0))="Dropped"),FALSE)} -> FALSE
A20: 19/1 | B20: Gatordontplay | C20: Khalil Herbert RB | CIN (Keeper) | D20: 0 sec | E20: #89 RB | F20: 39 | G20: 0 | H20: =(RIGHT('2024_Draft_team'!$C20,8)="(Keeper)") -> TRUE | I20: =IF(RIGHT(LEFT('2024_Draft_team'!$A20,3))="/",RIGHT(LEFT('2024_Draft_team'!$A20,2),1),RIGHT(LEFT('2024_Draft_team'!$A20,3),2)) -> 19 | J20: =IF(OR(AND(('2024_Draft_team'!$I20-4)<=0,'2024_Draft_team'!$H20=TRUE),('2024_Draft_team'!$R20=TRUE)),"N/A",IF('2024_Draft_team'!$H20=TRUE,'2024_Draft_team'!$I20-4,'2024_Draft_team'!$I20-0)) -> N/A | K20: Khalil | L20: Herbert | M20: RB | N20: | | O20: CIN | P20: (Keeper) | Q20: ='2024_Draft_team'!$K20&'2024_Draft_team'!$L20 -> KhalilHerbert | R20: {=IFERROR((INDEX('2024_Transactions'!$J$2:$J$339,MATCH(1,('2024_Draft_team'!$Q20='2024_Transactions'!$C$2:$C$339)*('2024_Draft_team'!$B20='2024_Transactions'!$B$2:$B$339)*('2024_Transactions'!$J$2:$J$339="Dropped"),0))="Dropped"),FALSE)} -> TRUE
A21: 20/1 | B21: Gatordontplay | C21: T.J. Hockenson TE | MIN (Keeper) | D21: 0 sec | E21: #31 TE | F21: 173 | G21: 0 | H21: =(RIGHT('2024_Draft_team'!$C21,8)="(Keeper)") -> TRUE | I21: =IF(RIGHT(LEFT('2024_Draft_team'!$A21,3))="/",RIGHT(LEFT('2024_Draft_team'!$A21,2),1),RIGHT(LEFT('2024_Draft_team'!$A21,3),2)) -> 20 | J21: =IF(OR(AND(('2024_Draft_team'!$I21-4)<=0,'2024_Draft_team'!$H21=TRUE),('2024_Draft_team'!$R21=TRUE)),"N/A",IF('2024_Draft_team'!$H21=TRUE,'2024_Draft_team'!$I21-4,'2024_Draft_team'!$I21-0)) -> 16 | K21: T.J. | L21: Hockenson | M21: TE | N21: | | O21: MIN | P21: (Keeper) | Q21: ='2024_Draft_team'!$K21&'2024_Draft_team'!$L21 -> T.J.Hockenson | R21: {=IFERROR((INDEX('2024_Transactions'!$J$2:$J$339,MATCH(1,('2024_Draft_team'!$Q21='2024_Transactions'!$C$2:$C$339)*('2024_Draft_team'!$B21='2024_Transactions'!$B$2:$B$339)*('2024_Transactions'!$J$2:$J$339="Dropped"),0))="Dropped"),FALSE)} -> FALSE
A22: 21/1 | B22: Gatordontplay | C22: Kwity Paye DL | IND (Keeper) | D22: 0 sec | E22: #32 DL | F22: 202 | G22: 47 | H22: =(RIGHT('2024_Draft_team'!$C22,8)="(Keeper)") -> TRUE | I22: =IF(RIGHT(LEFT('2024_Draft_team'!$A22,3))="/",RIGHT(LEFT('2024_Draft_team'!$A22,2),1),RIGHT(LEFT('2024_Draft_team'!$A22,3),2)) -> 21 | J22: =IF(OR(AND(('2024_Draft_team'!$I22-4)<=0,'2024_Draft_team'!$H22=TRUE),('2024_Draft_team'!$R22=TRUE)),"N/A",IF('2024_Draft_team'!$H22=TRUE,'2024_Draft_team'!$I22-4,'2024_Draft_team'!$I22-0)) -> 17 | K22: Kwity | L22: Paye | M22: DL | N22: | | O22: IND | P22: (Keeper) | Q22: ='2024_Draft_team'!$K22&'2024_Draft_team'!$L22 -> KwityPaye | R22: {=IFERROR((INDEX('2024_Transactions'!$J$2:$J$339,MATCH(1,('2024_Draft_team'!$Q22='2024_Transactions'!$C$2:$C$339)*('2024_Draft_team'!$B22='2024_Transactions'!$B$2:$B$339)*('2024_Transactions'!$J$2:$J$339="Dropped"),0))="Dropped"),FALSE)} -> FALSE
A23: 22/1 | B23: Gatordontplay | C23: Joey Bosa DL | LAC (Keeper) | D23: 0 sec | E23: #77 DL | F23: 134 | G23: 71 | H23: =(RIGHT('2024_Draft_team'!$C23,8)="(Keeper)") -> TRUE | I23: =IF(RIGHT(LEFT('2024_Draft_team'!$A23,3))="/",RIGHT(LEFT('2024_Draft_team'!$A23,2),1),RIGHT(LEFT('2024_Draft_team'!$A23,3),2)) -> 22 | J23: =IF(OR(AND(('2024_Draft_team'!$I23-4)<=0,'2024_Draft_team'!$H23=TRUE),('2024_Draft_team'!$R23=TRUE)),"N/A",IF('2024_Draft_team'!$H23=TRUE,'2024_Draft_team'!$I23-4,'2024_Draft_team'!$I23-0)) -> 18 | K23: Joey | L23: Bosa | M23: DL | N23: | | O23: LAC | P23: (Keeper) | Q23: ='2024_Draft_team'!$K23&'2024_Draft_team'!$L23 -> JoeyBosa | R23: {=IFERROR((INDEX('2024_Transactions'!$J$2:$J$339,MATCH(1,('2024_Draft_team'!$Q23='2024_Transactions'!$C$2:$C$339)*('2024_Draft_team'!$B23='2024_Transactions'!$B$2:$B$339)*('2024_Transactions'!$J$2:$J$339="Dropped"),0))="Dropped"),FALSE)} -> FALSE
A24: 23/1 | B24: Gatordontplay | C24: Jamal Adams DB | DET (Keeper) | D24: 0 sec | E24: #328 DB | F24: 15 | G24: 0 | H24: =(RIGHT('2024_Draft_team'!$C24,8)="(Keeper)") -> TRUE | I24: =IF(RIGHT(LEFT('2024_Draft_team'!$A24,3))="/",RIGHT(LEFT('2024_Draft_team'!$A24,2),1),RIGHT(LEFT('2024_Draft_team'!$A24,3),2)) -> 23 | J24: =IF(OR(AND(('2024_Draft_team'!$I24-4)<=0,'2024_Draft_team'!$H24=TRUE),('2024_Draft_team'!$R24=TRUE)),"N/A",IF('2024_Draft_team'!$H24=TRUE,'2024_Draft_team'!$I24-4,'2024_Draft_team'!$I24-0)) -> N/A | K24: Jamal | L24: Adams | M24: DB | N24: | | O24: DET | P24: (Keeper) | Q24: ='2024_Draft_team'!$K24&'2024_Draft_team'!$L24 -> JamalAdams | R24: {=IFERROR((INDEX('2024_Transactions'!$J$2:$J$339,MATCH(1,('2024_Draft_team'!$Q24='2024_Transactions'!$C$2:$C$339)*('2024_Draft_team'!$B24='2024_Transactions'!$B$2:$B$339)*('2024_Transactions'!$J$2:$J$339="Dropped"),0))="Dropped"),FALSE)} -> TRUE
A25: 24/1 | B25: Gatordontplay | C25: Justin Reid DB | KC | D25: 11 hrs 1 min 16 sec | E25: #20 DB | F25: 318 | G25: 267 | H25: =(RIGHT('2024_Draft_team'!$C25,8)="(Keeper)") -> FALSE | I25: =IF(RIGHT(LEFT('2024_Draft_team'!$A25,3))="/",RIGHT(LEFT('2024_Draft_team'!$A25,2),1),RIGHT(LEFT('2024_Draft_team'!$A25,3),2)) -> 24 | J25: =IF(OR(AND(('2024_Draft_team'!$I25-4)<=0,'2024_Draft_team'!$H25=TRUE),('2024_Draft_team'!$R25=TRUE)),"N/A",IF('2024_Draft_team'!$H25=TRUE,'2024_Draft_team'!$I25-4,'2024_Draft_team'!$I25-0)) -> 24 | K25: Justin | L25: Reid | M25: DB | N25: | | O25: KC | Q25: ='2024_Draft_team'!$K25&'2024_Draft_team'!$L25 -> JustinReid | R25: {=IFERROR((INDEX('2024_Transactions'!$J$2:$J$339,MATCH(1,('2024_Draft_team'!$Q25='2024_Transactions'!$C$2:$C$339)*('2024_Draft_team'!$B25='2024_Transactions'!$B$2:$B$339)*('2024_Transactions'!$J$2:$J$339="Dropped"),0))="Dropped"),FALSE)} -> FALSE
A26: 25/1 | B26: Gatordontplay | C26: Courtland Sutton WR | DEN (Keeper) | D26: 0 sec | E26: #10 WR | F26: 415 | G26: 188 | H26: =(RIGHT('2024_Draft_team'!$C26,8)="(Keeper)") -> TRUE | I26: =IF(RIGHT(LEFT('2024_Draft_team'!$A26,3))="/",RIGHT(LEFT('2024_Draft_team'!$A26,2),1),RIGHT(LEFT('2024_Draft_team'!$A26,3),2)) -> 25 | J26: =IF(OR(AND(('2024_Draft_team'!$I26-4)<=0,'2024_Draft_team'!$H26=TRUE),('2024_Draft_team'!$R26=TRUE)),"N/A",IF('2024_Draft_team'!$H26=TRUE,'2024_Draft_team'!$I26-4,'2024_Draft_team'!$I26-0)) -> 21 | K26: Courtland | L26: Sutton | M26: WR | N26: | | O26: DEN | P26: (Keeper) | Q26: ='2024_Draft_team'!$K26&'2024_Draft_team'!$L26 -> CourtlandSutton | R26: {=IFERROR((INDEX('2024_Transactions'!$J$2:$J$339,MATCH(1,('2024_Draft_team'!$Q26='2024_Transactions'!$C$2:$C$339)*('2024_Draft_team'!$B26='2024_Transactions'!$B$2:$B$339)*('2024_Transactions'!$J$2:$J$339="Dropped"),0))="Dropped"),FALSE)} -> FALSE
A27: 26/1 | B27: Gatordontplay | C27: Jalen Thompson DB | ARI | D27: 1 min 3 sec | E27: #65 DB | F27: 236 | G27: 202 | H27: =(RIGHT('2024_Draft_team'!$C27,8)="(Keeper)") -> FALSE | I27: =IF(RIGHT(LEFT('2024_Draft_team'!$A27,3))="/",RIGHT(LEFT('2024_Draft_team'!$A27,2),1),RIGHT(LEFT('2024_Draft_team'!$A27,3),2)) -> 26 | J27: =IF(OR(AND(('2024_Draft_team'!$I27-4)<=0,'2024_Draft_team'!$H27=TRUE),('2024_Draft_team'!$R27=TRUE)),"N/A",IF('2024_Draft_team'!$H27=TRUE,'2024_Draft_team'!$I27-4,'2024_Draft_team'!$I27-0)) -> 26 | K27: Jalen | L27: Thompson | M27: DB | N27: | | O27: ARI | Q27: ='2024_Draft_team'!$K27&'2024_Draft_team'!$L27 -> JalenThompson | R27: {=IFERROR((INDEX('2024_Transactions'!$J$2:$J$339,MATCH(1,('2024_Draft_team'!$Q27='2024_Transactions'!$C$2:$C$339)*('2024_Draft_team'!$B27='2024_Transactions'!$B$2:$B$339)*('2024_Transactions'!$J$2:$J$339="Dropped"),0))="Dropped"),FALSE)} -> FALSE
A28: 27/1 | B28: Gatordontplay | C28: Jake Moody K | SF | D28: 6 min 15 sec (22 hrs 2 min 27 sec) | E28: #26 K | F28: 213 | G28: 22 | H28: =(RIGHT('2024_Draft_team'!$C28,8)="(Keeper)") -> FALSE | I28: =IF(RIGHT(LEFT('2024_Draft_team'!$A28,3))="/",RIGHT(LEFT('2024_Draft_team'!$A28,2),1),RIGHT(LEFT('2024_Draft_team'!$A28,3),2)) -> 27 | J28: =IF(OR(AND(('2024_Draft_team'!$I28-4)<=0,'2024_Draft_team'!$H28=TRUE),('2024_Draft_team'!$R28=TRUE)),"N/A",IF('2024_Draft_team'!$H28=TRUE,'2024_Draft_team'!$I28-4,'2024_Draft_team'!$I28-0)) -> 27 | K28: Jake | L28: Moody | M28: K | N28: | | O28: SF | Q28: ='2024_Draft_team'!$K28&'2024_Draft_team'!$L28 -> JakeMoody | R28: {=IFERROR((INDEX('2024_Transactions'!$J$2:$J$339,MATCH(1,('2024_Draft_team'!$Q28='2024_Transactions'!$C$2:$C$339)*('2024_Draft_team'!$B28='2024_Transactions'!$B$2:$B$339)*('2024_Transactions'!$J$2:$J$339="Dropped"),0))="Dropped"),FALSE)} -> FALSE
A29: 1/2 | B29: Team 4 | C29: Caleb Williams QB | CHI | D29: 17 min 47 sec | E29: #15 QB | F29: 586 | G29: 557 | H29: =(RIGHT('2024_Draft_team'!$C29,8)="(Keeper)") -> FALSE | I29: =IF(RIGHT(LEFT('2024_Draft_team'!$A29,3))="/",RIGHT(LEFT('2024_Draft_team'!$A29,2),1),RIGHT(LEFT('2024_Draft_team'!$A29,3),2)) -> 1 | J29: =IF(OR(AND(('2024_Draft_team'!$I29-4)<=0,'2024_Draft_team'!$H29=TRUE),('2024_Draft_team'!$R29=TRUE)),"N/A",IF('2024_Draft_team'!$H29=TRUE,'2024_Draft_team'!$I29-4,'2024_Draft_team'!$I29-0)) -> 1 | K29: Caleb | L29: Williams | M29: QB | N29: | | O29: CHI | Q29: ='2024_Draft_team'!$K29&'2024_Draft_team'!$L29 -> CalebWilliams | R29: {=IFERROR((INDEX('2024_Transactions'!$J$2:$J$339,MATCH(1,('2024_Draft_team'!$Q29='2024_Transactions'!$C$2:$C$339)*('2024_Draft_team'!$B29='2024_Transactions'!$B$2:$B$339)*('2024_Transactions'!$J$2:$J$339="Dropped"),0))="Dropped"),FALSE)} -> FALSE
A30: 2/2 | B30: Team 4 | C30: Saquon Barkley RB | PHI (Keeper) | D30: 0 sec | E30: #1 RB | F30: 763 | G30: 598 | H30: =(RIGHT('2024_Draft_team'!$C30,8)="(Keeper)") -> TRUE | I30: =IF(RIGHT(LEFT('2024_Draft_team'!$A30,3))="/",RIGHT(LEFT('2024_Draft_team'!$A30,2),1),RIGHT(LEFT('2024_Draft_team'!$A30,3),2)) -> 2 | J30: =IF(OR(AND(('2024_Draft_team'!$I30-4)<=0,'2024_Draft_team'!$H30=TRUE),('2024_Draft_team'!$R30=TRUE)),"N/A",IF('2024_Draft_team'!$H30=TRUE,'2024_Draft_team'!$I30-4,'2024_Draft_team'!$I30-0)) -> N/A | K30: Saquon | L30: Barkley | M30: RB | N30: | | O30: PHI | P30: (Keeper) | Q30: ='2024_Draft_team'!$K30&'2024_Draft_team'!$L30 -> SaquonBarkley | R30: {=IFERROR((INDEX('2024_Transactions'!$J$2:$J$339,MATCH(1,('2024_Draft_team'!$Q30='2024_Transactions'!$C$2:$C$339)*('2024_Draft_team'!$B30='2024_Transactions'!$B$2:$B$339)*('2024_Transactions'!$J$2:$J$339="Dropped"),0))="Dropped"),FALSE)} -> FALSE
A31: 3/2 | B31: Team 4 | C31: Reed Blankenship DB | PHI | D31: 20 sec | E31: #18 DB | F31: 322 | G31: 212 | H31: =(RIGHT('2024_Draft_team'!$C31,8)="(Keeper)") -> FALSE | I31: =IF(RIGHT(LEFT('2024_Draft_team'!$A31,3))="/",RIGHT(LEFT('2024_Draft_team'!$A31,2),1),RIGHT(LEFT('2024_Draft_team'!$A31,3),2)) -> 3 | J31: =IF(OR(AND(('2024_Draft_team'!$I31-4)<=0,'2024_Draft_team'!$H31=TRUE),('2024_Draft_team'!$R31=TRUE)),"N/A",IF('2024_Draft_team'!$H31=TRUE,'2024_Draft_team'!$I31-4,'2024_Draft_team'!$I31-0)) -> 3 | K31: Reed | L31: Blankenship | M31: DB | N31: | | O31: PHI | Q31: ='2024_Draft_team'!$K31&'2024_Draft_team'!$L31 -> ReedBlankenship | R31: {=IFERROR((INDEX('2024_Transactions'!$J$2:$J$339,MATCH(1,('2024_Draft_team'!$Q31='2024_Transactions'!$C$2:$C$339)*('2024_Draft_team'!$B31='2024_Transactions'!$B$2:$B$339)*('2024_Transactions'!$J$2:$J$339="Dropped"),0))="Dropped"),FALSE)} -> FALSE
A32: 4/2 | B32: Team 4 | C32: Tremaine Edmunds LB | CHI | D32: 1 min 25 sec | E32: #46 LB | F32: 278 | G32: 259 | H32: =(RIGHT('2024_Draft_team'!$C32,8)="(Keeper)") -> FALSE | I32: =IF(RIGHT(LEFT('2024_Draft_team'!$A32,3))="/",RIGHT(LEFT('2024_Draft_team'!$A32,2),1),RIGHT(LEFT('2024_Draft_team'!$A32,3),2)) -> 4 | J32: =IF(OR(AND(('2024_Draft_team'!$I32-4)<=0,'2024_Draft_team'!$H32=TRUE),('2024_Draft_team'!$R32=TRUE)),"N/A",IF('2024_Draft_team'!$H32=TRUE,'2024_Draft_team'!$I32-4,'2024_Draft_team'!$I32-0)) -> 4 | K32: Tremaine | L32: Edmunds | M32: LB | N32: | | O32: CHI | Q32: ='2024_Draft_team'!$K32&'2024_Draft_team'!$L32 -> TremaineEdmunds | R32: {=IFERROR((INDEX('2024_Transactions'!$J$2:$J$339,MATCH(1,('2024_Draft_team'!$Q32='2024_Transactions'!$C$2:$C$339)*('2024_Draft_team'!$B32='2024_Transactions'!$B$2:$B$339)*('2024_Transactions'!$J$2:$J$339="Dropped"),0))="Dropped"),FALSE)} -> FALSE
A33: 5/2 | B33: Team 4 | C33: James Conner RB | ARI | D33: 5 min 31 sec | E33: #13 RB | F33: 388 | G33: 210 | H33: =(RIGHT('2024_Draft_team'!$C33,8)="(Keeper)") -> FALSE | I33: =IF(RIGHT(LEFT('2024_Draft_team'!$A33,3))="/",RIGHT(LEFT('2024_Draft_team'!$A33,2),1),RIGHT(LEFT('2024_Draft_team'!$A33,3),2)) -> 5 | J33: =IF(OR(AND(('2024_Draft_team'!$I33-4)<=0,'2024_Draft_team'!$H33=TRUE),('2024_Draft_team'!$R33=TRUE)),"N/A",IF('2024_Draft_team'!$H33=TRUE,'2024_Draft_team'!$I33-4,'2024_Draft_team'!$I33-0)) -> 5 | K33: James | L33: Conner | M33: RB | N33: | | O33: ARI | Q33: ='2024_Draft_team'!$K33&'2024_Draft_team'!$L33 -> JamesConner | R33: {=IFERROR((INDEX('2024_Transactions'!$J$2:$J$339,MATCH(1,('2024_Draft_team'!$Q33='2024_Transactions'!$C$2:$C$339)*('2024_Draft_team'!$B33='2024_Transactions'!$B$2:$B$339)*('2024_Transactions'!$J$2:$J$339="Dropped"),0))="Dropped"),FALSE)} -> FALSE
A34: 6/2 | B34: Team 4 | C34: Josh Hines-Allen LB | JAC | D34: 39 sec | E34: #68 LB | F34: 204 | G34: 86 | H34: =(RIGHT('2024_Draft_team'!$C34,8)="(Keeper)") -> FALSE | I34: =IF(RIGHT(LEFT('2024_Draft_team'!$A34,3))="/",RIGHT(LEFT('2024_Draft_team'!$A34,2),1),RIGHT(LEFT('2024_Draft_team'!$A34,3),2)) -> 6 | J34: =IF(OR(AND(('2024_Draft_team'!$I34-4)<=0,'2024_Draft_team'!$H34=TRUE),('2024_Draft_team'!$R34=TRUE)),"N/A",IF('2024_Draft_team'!$H34=TRUE,'2024_Draft_team'!$I34-4,'2024_Draft_team'!$I34-0)) -> 6 | K34: Josh | L34: Hines-Allen | M34: LB | N34: | | O34: JAC | Q34: ='2024_Draft_team'!$K34&'2024_Draft_team'!$L34 -> JoshHines-Allen | R34: {=IFERROR((INDEX('2024_Transactions'!$J$2:$J$339,MATCH(1,('2024_Draft_team'!$Q34='2024_Transactions'!$C$2:$C$339)*('2024_Draft_team'!$B34='2024_Transactions'!$B$2:$B$339)*('2024_Transactions'!$J$2:$J$339="Dropped"),0))="Dropped"),FALSE)} -> FALSE
A35: 7/2 | B35: Team 4 | C35: Jonathan Taylor RB | IND (Keeper) | D35: 0 sec | E35: #10 RB | F35: 419 | G35: 204 | H35: =(RIGHT('2024_Draft_team'!$C35,8)="(Keeper)") -> TRUE | I35: =IF(RIGHT(LEFT('2024_Draft_team'!$A35,3))="/",RIGHT(LEFT('2024_Draft_team'!$A35,2),1),RIGHT(LEFT('2024_Draft_team'!$A35,3),2)) -> 7 | J35: =IF(OR(AND(('2024_Draft_team'!$I35-4)<=0,'2024_Draft_team'!$H35=TRUE),('2024_Draft_team'!$R35=TRUE)),"N/A",IF('2024_Draft_team'!$H35=TRUE,'2024_Draft_team'!$I35-4,'2024_Draft_team'!$I35-0)) -> 3 | K35: Jonathan | L35: Taylor | M35: RB | N35: | | O35: IND | P35: (Keeper) | Q35: ='2024_Draft_team'!$K35&'2024_Draft_team'!$L35 -> JonathanTaylor | R35: {=IFERROR((INDEX('2024_Transactions'!$J$2:$J$339,MATCH(1,('2024_Draft_team'!$Q35='2024_Transactions'!$C$2:$C$339)*('2024_Draft_team'!$B35='2024_Transactions'!$B$2:$B$339)*('2024_Transactions'!$J$2:$J$339="Dropped"),0))="Dropped"),FALSE)} -> FALSE
A36: 8/2 | B36: Team 4 | C36: DeVonta Smith WR | PHI (Keeper) | D36: 0 sec | E36: #16 WR | F36: 386 | G36: 184 | H36: =(RIGHT('2024_Draft_team'!$C36,8)="(Keeper)") -> TRUE | I36: =IF(RIGHT(LEFT('2024_Draft_team'!$A36,3))="/",RIGHT(LEFT('2024_Draft_team'!$A36,2),1),RIGHT(LEFT('2024_Draft_team'!$A36,3),2)) -> 8 | J36: =IF(OR(AND(('2024_Draft_team'!$I36-4)<=0,'2024_Draft_team'!$H36=TRUE),('2024_Draft_team'!$R36=TRUE)),"N/A",IF('2024_Draft_team'!$H36=TRUE,'2024_Draft_team'!$I36-4,'2024_Draft_team'!$I36-0)) -> 4 | K36: DeVonta | L36: Smith | M36: WR | N36: | | O36: PHI | P36: (Keeper) | Q36: ='2024_Draft_team'!$K36&'2024_Draft_team'!$L36 -> DeVontaSmith | R36: {=IFERROR((INDEX('2024_Transactions'!$J$2:$J$339,MATCH(1,('2024_Draft_team'!$Q36='2024_Transactions'!$C$2:$C$339)*('2024_Draft_team'!$B36='2024_Transactions'!$B$2:$B$339)*('2024_Transactions'!$J$2:$J$339="Dropped"),0))="Dropped"),FALSE)} -> FALSE
A37: 9/2 | B37: Team 4 | C37: Maxx Crosby DL | LV (Keeper) | D37: 0 sec | E37: #23 DL | F37: 220 | G37: 187 | H37: =(RIGHT('2024_Draft_team'!$C37,8)="(Keeper)") -> TRUE | I37: =IF(RIGHT(LEFT('2024_Draft_team'!$A37,3))="/",RIGHT(LEFT('2024_Draft_team'!$A37,2),1),RIGHT(LEFT('2024_Draft_team'!$A37,3),2)) -> 9 | J37: =IF(OR(AND(('2024_Draft_team'!$I37-4)<=0,'2024_Draft_team'!$H37=TRUE),('2024_Draft_team'!$R37=TRUE)),"N/A",IF('2024_Draft_team'!$H37=TRUE,'2024_Draft_team'!$I37-4,'2024_Draft_team'!$I37-0)) -> 5 | K37: Maxx | L37: Crosby | M37: DL | N37: | | O37: LV | P37: (Keeper) | Q37: ='2024_Draft_team'!$K37&'2024_Draft_team'!$L37 -> MaxxCrosby | R37: {=IFERROR((INDEX('2024_Transactions'!$J$2:$J$339,MATCH(1,('2024_Draft_team'!$Q37='2024_Transactions'!$C$2:$C$339)*('2024_Draft_team'!$B37='2024_Transactions'!$B$2:$B$339)*('2024_Transactions'!$J$2:$J$339="Dropped"),0))="Dropped"),FALSE)} -> FALSE
A38: 10/2 | B38: Team 4 | C38: Stefon Diggs WR | HOU | D38: 5 min 1 sec | E38: #72 WR | F38: 199 | G38: 118 | H38: =(RIGHT('2024_Draft_team'!$C38,8)="(Keeper)") -> FALSE | I38: =IF(RIGHT(LEFT('2024_Draft_team'!$A38,3))="/",RIGHT(LEFT('2024_Draft_team'!$A38,2),1),RIGHT(LEFT('2024_Draft_team'!$A38,3),2)) -> 10 | J38: =IF(OR(AND(('2024_Draft_team'!$I38-4)<=0,'2024_Draft_team'!$H38=TRUE),('2024_Draft_team'!$R38=TRUE)),"N/A",IF('2024_Draft_team'!$H38=TRUE,'2024_Draft_team'!$I38-4,'2024_Draft_team'!$I38-0)) -> 10 | K38: Stefon | L38: Diggs | M38: WR | N38: | | O38: HOU | Q38: ='2024_Draft_team'!$K38&'2024_Draft_team'!$L38 -> StefonDiggs | R38: {=IFERROR((INDEX('2024_Transactions'!$J$2:$J$339,MATCH(1,('2024_Draft_team'!$Q38='2024_Transactions'!$C$2:$C$339)*('2024_Draft_team'!$B38='2024_Transactions'!$B$2:$B$339)*('2024_Transactions'!$J$2:$J$339="Dropped"),0))="Dropped"),FALSE)} -> FALSE
A39: 11/2 | B39: Team 4 | C39: Will Anderson Jr. DL | HOU (Keeper) | D39: 0 sec | E39: #5 DL | F39: 306 | G39: 224 | H39: =(RIGHT('2024_Draft_team'!$C39,8)="(Keeper)") -> TRUE | I39: =IF(RIGHT(LEFT('2024_Draft_team'!$A39,3))="/",RIGHT(LEFT('2024_Draft_team'!$A39,2),1),RIGHT(LEFT('2024_Draft_team'!$A39,3),2)) -> 11 | J39: =IF(OR(AND(('2024_Draft_team'!$I39-4)<=0,'2024_Draft_team'!$H39=TRUE),('2024_Draft_team'!$R39=TRUE)),"N/A",IF('2024_Draft_team'!$H39=TRUE,'2024_Draft_team'!$I39-4,'2024_Draft_team'!$I39-0)) -> 7 | K39: Will | L39: Anderson | M39: Jr. | N39: DL | O39: | | P39: HOU | Q39: ='2024_Draft_team'!$K39&'2024_Draft_team'!$L39&'2024_Draft_team'!$M39 -> WillAndersonJr. | R39: {=IFERROR((INDEX('2024_Transactions'!$J$2:$J$339,MATCH(1,('2024_Draft_team'!$Q39='2024_Transactions'!$C$2:$C$339)*('2024_Draft_team'!$B39='2024_Transactions'!$B$2:$B$339)*('2024_Transactions'!$J$2:$J$339="Dropped"),0))="Dropped"),FALSE)} -> FALSE
A40: 12/2 | B40: Team 4 | C40: Rashee Rice WR | KC | D40: 29 min 3 sec | E40: #111 WR | F40: 98 | G40: 98 | H40: =(RIGHT('2024_Draft_team'!$C40,8)="(Keeper)") -> FALSE | I40: =IF(RIGHT(LEFT('2024_Draft_team'!$A40,3))="/",RIGHT(LEFT('2024_Draft_team'!$A40,2),1),RIGHT(LEFT('2024_Draft_team'!$A40,3),2)) -> 12 | J40: =IF(OR(AND(('2024_Draft_team'!$I40-4)<=0,'2024_Draft_team'!$H40=TRUE),('2024_Draft_team'!$R40=TRUE)),"N/A",IF('2024_Draft_team'!$H40=TRUE,'2024_Draft_team'!$I40-4,'2024_Draft_team'!$I40-0)) -> 12 | K40: Rashee | L40: Rice | M40: WR | N40: | | O40: KC | Q40: ='2024_Draft_team'!$K40&'2024_Draft_team'!$L40 -> RasheeRice | R40: {=IFERROR((INDEX('2024_Transactions'!$J$2:$J$339,MATCH(1,('2024_Draft_team'!$Q40='2024_Transactions'!$C$2:$C$339)*('2024_Draft_team'!$B40='2024_Transactions'!$B$2:$B$339)*('2024_Transactions'!$J$2:$J$339="Dropped"),0))="Dropped"),FALSE)} -> FALSE
A41: 13/2 | B41: Team 4 | C41: Tank Dell WR | HOU | D41: 16 min 34 sec | E41: #52 WR | F41: 232 | G41: 106 | H41: =(RIGHT('2024_Draft_team'!$C41,8)="(Keeper)") -> FALSE | I41: =IF(RIGHT(LEFT('2024_Draft_team'!$A41,3))="/",RIGHT(LEFT('2024_Draft_team'!$A41,2),1),RIGHT(LEFT('2024_Draft_team'!$A41,3),2)) -> 13 | J41: =IF(OR(AND(('2024_Draft_team'!$I41-4)<=0,'2024_Draft_team'!$H41=TRUE),('2024_Draft_team'!$R41=TRUE)),"N/A",IF('2024_Draft_team'!$H41=TRUE,'2024_Draft_team'!$I41-4,'2024_Draft_team'!$I41-0)) -> 13 | K41: Tank | L41: Dell | M41: WR | N41: | | O41: HOU | Q41: ='2024_Draft_team'!$K41&'2024_Draft_team'!$L41 -> TankDell | R41: {=IFERROR((INDEX('2024_Transactions'!$J$2:$J$339,MATCH(1,('2024_Draft_team'!$Q41='2024_Transactions'!$C$2:$C$339)*('2024_Draft_team'!$B41='2024_Transactions'!$B$2:$B$339)*('2024_Transactions'!$J$2:$J$339="Dropped"),0))="Dropped"),FALSE)} -> FALSE
A42: 14/2 | B42: Team 4 | C42: Nakobe Dean LB | PHI | D42: 1 min 7 sec | E42: #14 LB | F42: 380 | G42: 268 | H42: =(RIGHT('2024_Draft_team'!$C42,8)="(Keeper)") -> FALSE | I42: =IF(RIGHT(LEFT('2024_Draft_team'!$A42,3))="/",RIGHT(LEFT('2024_Draft_team'!$A42,2),1),RIGHT(LEFT('2024_Draft_team'!$A42,3),2)) -> 14 | J42: =IF(OR(AND(('2024_Draft_team'!$I42-4)<=0,'2024_Draft_team'!$H42=TRUE),('2024_Draft_team'!$R42=TRUE)),"N/A",IF('2024_Draft_team'!$H42=TRUE,'2024_Draft_team'!$I42-4,'2024_Draft_team'!$I42-0)) -> 14 | K42: Nakobe | L42: Dean | M42: LB | N42: | | O42: PHI | Q42: ='2024_Draft_team'!$K42&'2024_Draft_team'!$L42 -> NakobeDean | R42: {=IFERROR((INDEX('2024_Transactions'!$J$2:$J$339,MATCH(1,('2024_Draft_team'!$Q42='2024_Transactions'!$C$2:$C$339)*('2024_Draft_team'!$B42='2024_Transactions'!$B$2:$B$339)*('2024_Transactions'!$J$2:$J$339="Dropped"),0))="Dropped"),FALSE)} -> FALSE
A43: 15/2 | B43: Team 4 | C43: Jerome Baker LB | TEN | D43: 10 min 22 sec | E43: #91 LB | F43: 164 | G43: 59 | H43: =(RIGHT('2024_Draft_team'!$C43,8)="(Keeper)") -> FALSE | I43: =IF(RIGHT(LEFT('2024_Draft_team'!$A43,3))="/",RIGHT(LEFT('2024_Draft_team'!$A43,2),1),RIGHT(LEFT('2024_Draft_team'!$A43,3),2)) -> 15 | J43: =IF(OR(AND(('2024_Draft_team'!$I43-4)<=0,'2024_Draft_team'!$H43=TRUE),('2024_Draft_team'!$R43=TRUE)),"N/A",IF('2024_Draft_team'!$H43=TRUE,'2024_Draft_team'!$I43-4,'2024_Draft_team'!$I43-0)) -> 15 | K43: Jerome | L43: Baker | M43: LB | N43: | | O43: TEN | Q43: ='2024_Draft_team'!$K43&'2024_Draft_team'!$L43 -> JeromeBaker | R43: {=IFERROR((INDEX('2024_Transactions'!$J$2:$J$339,MATCH(1,('2024_Draft_team'!$Q43='2024_Transactions'!$C$2:$C$339)*('2024_Draft_team'!$B43='2024_Transactions'!$B$2:$B$339)*('2024_Transactions'!$J$2:$J$339="Dropped"),0))="Dropped"),FALSE)} -> FALSE
A44: 16/2 | B44: Team 4 | C44: Dorian Williams LB | BUF | D44: 4 min 20 sec | E44: #38 LB | F44: 291 | G44: 206 | H44: =(RIGHT('2024_Draft_team'!$C44,8)="(Keeper)") -> FALSE | I44: =IF(RIGHT(LEFT('2024_Draft_team'!$A44,3))="/",RIGHT(LEFT('2024_Draft_team'!$A44,2),1),RIGHT(LEFT('2024_Draft_team'!$A44,3),2)) -> 16 | J44: =IF(OR(AND(('2024_Draft_team'!$I44-4)<=0,'2024_Draft_team'!$H44=TRUE),('2024_Draft_team'!$R44=TRUE)),"N/A",IF('2024_Draft_team'!$H44=TRUE,'2024_Draft_team'!$I44-4,'2024_Draft_team'!$I44-0)) -> 16 | K44: Dorian | L44: Williams | M44: LB | N44: | | O44: BUF | Q44: ='2024_Draft_team'!$K44&'2024_Draft_team'!$L44 -> DorianWilliams | R44: {=IFERROR((INDEX('2024_Transactions'!$J$2:$J$339,MATCH(1,('2024_Draft_team'!$Q44='2024_Transactions'!$C$2:$C$339)*('2024_Draft_team'!$B44='2024_Transactions'!$B$2:$B$339)*('2024_Transactions'!$J$2:$J$339="Dropped"),0))="Dropped"),FALSE)} -> FALSE
A45: 17/2 | B45: Team 4 | C45: Diontae Johnson WR | BAL (Keeper) | D45: 0 sec | E45: #89 WR | F45: 149 | G45: 80 | H45: =(RIGHT('2024_Draft_team'!$C45,8)="(Keeper)") -> TRUE | I45: =IF(RIGHT(LEFT('2024_Draft_team'!$A45,3))="/",RIGHT(LEFT('2024_Draft_team'!$A45,2),1),RIGHT(LEFT('2024_Draft_team'!$A45,3),2)) -> 17 | J45: =IF(OR(AND(('2024_Draft_team'!$I45-4)<=0,'2024_Draft_team'!$H45=TRUE),('2024_Draft_team'!$R45=TRUE)),"N/A",IF('2024_Draft_team'!$H45=TRUE,'2024_Draft_team'!$I45-4,'2024_Draft_team'!$I45-0)) -> 13 | K45: Diontae | L45: Johnson | M45: WR | N45: | | O45: BAL | P45: (Keeper) | Q45: ='2024_Draft_team'!$K45&'2024_Draft_team'!$L45 -> DiontaeJohnson | R45: {=IFERROR((INDEX('2024_Transactions'!$J$2:$J$339,MATCH(1,('2024_Draft_team'!$Q45='2024_Transactions'!$C$2:$C$339)*('2024_Draft_team'!$B45='2024_Transactions'!$B$2:$B$339)*('2024_Transactions'!$J$2:$J$339="Dropped"),0))="Dropped"),FALSE)} -> FALSE
A46: 18/2 | B46: Team 4 | C46: Jermaine Johnson II DL | NYJ (Keeper) | D46: 0 sec | E46: #283 DL | F46: 14 | G46: 0 | H46: =(RIGHT('2024_Draft_team'!$C46,8)="(Keeper)") -> TRUE | I46: =IF(RIGHT(LEFT('2024_Draft_team'!$A46,3))="/",RIGHT(LEFT('2024_Draft_team'!$A46,2),1),RIGHT(LEFT('2024_Draft_team'!$A46,3),2)) -> 18 | J46: =IF(OR(AND(('2024_Draft_team'!$I46-4)<=0,'2024_Draft_team'!$H46=TRUE),('2024_Draft_team'!$R46=TRUE)),"N/A",IF('2024_Draft_team'!$H46=TRUE,'2024_Draft_team'!$I46-4,'2024_Draft_team'!$I46-0)) -> 14 | K46: Jermaine | L46: Johnson | M46: II | N46: DL | O46: | | P46: NYJ | Q46: ='2024_Draft_team'!$K46&'2024_Draft_team'!$L46&'2024_Draft_team'!$M46 -> JermaineJohnsonII | R46: {=IFERROR((INDEX('2024_Transactions'!$J$2:$J$339,MATCH(1,('2024_Draft_team'!$Q46='2024_Transactions'!$C$2:$C$339)*('2024_Draft_team'!$B46='2024_Transactions'!$B$2:$B$339)*('2024_Transactions'!$J$2:$J$339="Dropped"),0))="Dropped"),FALSE)} -> FALSE
A47: 19/2 | B47: Team 4 | C47: Talanoa Hufanga DB | SF | D47: 46 min 45 sec | E47: #212 DB | F47: 82 | G47: 3 | H47: =(RIGHT('2024_Draft_team'!$C47,8)="(Keeper)") -> FALSE | I47: =IF(RIGHT(LEFT('2024_Draft_team'!$A47,3))="/",RIGHT(LEFT('2024_Draft_team'!$A47,2),1),RIGHT(LEFT('2024_Draft_team'!$A47,3),2)) -> 19 | J47: =IF(OR(AND(('2024_Draft_team'!$I47-4)<=0,'2024_Draft_team'!$H47=TRUE),('2024_Draft_team'!$R47=TRUE)),"N/A",IF('2024_Draft_team'!$H47=TRUE,'2024_Draft_team'!$I47-4,'2024_Draft_team'!$I47-0)) -> 19 | K47: Talanoa | L47: Hufanga | M47: DB | N47: | | O47: SF | Q47: ='2024_Draft_team'!$K47&'2024_Draft_team'!$L47 -> TalanoaHufanga | R47: {=IFERROR((INDEX('2024_Transactions'!$J$2:$J$339,MATCH(1,('2024_Draft_team'!$Q47='2024_Transactions'!$C$2:$C$339)*('2024_Draft_team'!$B47='2024_Transactions'!$B$2:$B$339)*('2024_Transactions'!$J$2:$J$339="Dropped"),0))="Dropped"),FALSE)} -> FALSE
A48: 20/2 | B48: Team 4 | C48: Jaxon Smith-Njigba WR | SEA (Keeper) | D48: 0 sec | E48: #15 WR | F48: 388 | G48: 195 | H48: =(RIGHT('2024_Draft_team'!$C48,8)="(Keeper)") -> TRUE | I48: =IF(RIGHT(LEFT('2024_Draft_team'!$A48,3))="/",RIGHT(LEFT('2024_Draft_team'!$A48,2),1),RIGHT(LEFT('2024_Draft_team'!$A48,3),2)) -> 20 | J48: =IF(OR(AND(('2024_Draft_team'!$I48-4)<=0,'2024_Draft_team'!$H48=TRUE),('2024_Draft_team'!$R48=TRUE)),"N/A",IF('2024_Draft_team'!$H48=TRUE,'2024_Draft_team'!$I48-4,'2024_Draft_team'!$I48-0)) -> 16 | K48: Jaxon | L48: Smith-Njigba | M48: WR | N48: | | O48: SEA | P48: (Keeper) | Q48: ='2024_Draft_team'!$K48&'2024_Draft_team'!$L48 -> JaxonSmith-Njigba | R48: {=IFERROR((INDEX('2024_Transactions'!$J$2:$J$339,MATCH(1,('2024_Draft_team'!$Q48='2024_Transactions'!$C$2:$C$339)*('2024_Draft_team'!$B48='2024_Transactions'!$B$2:$B$339)*('2024_Transactions'!$J$2:$J$339="Dropped"),0))="Dropped"),FALSE)} -> FALSE
A49: 21/2 | B49: Team 4 | C49: Will McDonald IV DL | NYJ (Keeper) | D49: 0 sec | E49: #33 DL | F49: 201 | G49: 62 | H49: =(RIGHT('2024_Draft_team'!$C49,8)="(Keeper)") -> TRUE | I49: =IF(RIGHT(LEFT('2024_Draft_team'!$A49,3))="/",RIGHT(LEFT('2024_Draft_team'!$A49,2),1),RIGHT(LEFT('2024_Draft_team'!$A49,3),2)) -> 21 | J49: =IF(OR(AND(('2024_Draft_team'!$I49-4)<=0,'2024_Draft_team'!$H49=TRUE),('2024_Draft_team'!$R49=TRUE)),"N/A",IF('2024_Draft_team'!$H49=TRUE,'2024_Draft_team'!$I49-4,'2024_Draft_team'!$I49-0)) -> 17 | K49: Will | L49: McDonald | M49: IV | N49: DL | O49: | | P49: NYJ | Q49: ='2024_Draft_team'!$K49&'2024_Draft_team'!$L49&'2024_Draft_team'!$M49 -> WillMcDonaldIV | R49: {=IFERROR((INDEX('2024_Transactions'!$J$2:$J$339,MATCH(1,('2024_Draft_team'!$Q49='2024_Transactions'!$C$2:$C$339)*('2024_Draft_team'!$B49='2024_Transactions'!$B$2:$B$339)*('2024_Transactions'!$J$2:$J$339="Dropped"),0))="Dropped"),FALSE)} -> FALSE
A50: 22/2 | B50: Team 4 | C50: Brandon Aubrey K | DAL | D50: 0 sec | E50: #1 K | F50: 418 | G50: 388 | H50: =(RIGHT('2024_Draft_team'!$C50,8)="(Keeper)") -> FALSE | I50: =IF(RIGHT(LEFT('2024_Draft_team'!$A50,3))="/",RIGHT(LEFT('2024_Draft_team'!$A50,2),1),RIGHT(LEFT('2024_Draft_team'!$A50,3),2)) -> 22 | J50: =IF(OR(AND(('2024_Draft_team'!$I50-4)<=0,'2024_Draft_team'!$H50=TRUE),('2024_Draft_team'!$R50=TRUE)),"N/A",IF('2024_Draft_team'!$H50=TRUE,'2024_Draft_team'!$I50-4,'2024_Draft_team'!$I50-0)) -> 22 | K50: Brandon | L50: Aubrey | M50: K | N50: | | O50: DAL | Q50: ='2024_Draft_team'!$K50&'2024_Draft_team'!$L50 -> BrandonAubrey | R50: {=IFERROR((INDEX('2024_Transactions'!$J$2:$J$339,MATCH(1,('2024_Draft_team'!$Q50='2024_Transactions'!$C$2:$C$339)*('2024_Draft_team'!$B50='2024_Transactions'!$B$2:$B$339)*('2024_Transactions'!$J$2:$J$339="Dropped"),0))="Dropped"),FALSE)} -> FALSE
A51: 23/2 | B51: Team 4 | C51: Sam Darnold QB | MIN | D51: 0 sec | E51: #10 QB | F51: 727 | G51: 680 | H51: =(RIGHT('2024_Draft_team'!$C51,8)="(Keeper)") -> FALSE | I51: =IF(RIGHT(LEFT('2024_Draft_team'!$A51,3))="/",RIGHT(LEFT('2024_Draft_team'!$A51,2),1),RIGHT(LEFT('2024_Draft_team'!$A51,3),2)) -> 23 | J51: =IF(OR(AND(('2024_Draft_team'!$I51-4)<=0,'2024_Draft_team'!$H51=TRUE),('2024_Draft_team'!$R51=TRUE)),"N/A",IF('2024_Draft_team'!$H51=TRUE,'2024_Draft_team'!$I51-4,'2024_Draft_team'!$I51-0)) -> 23 | K51: Sam | L51: Darnold | M51: QB | N51: | | O51: MIN | Q51: ='2024_Draft_team'!$K51&'2024_Draft_team'!$L51 -> SamDarnold | R51: {=IFERROR((INDEX('2024_Transactions'!$J$2:$J$339,MATCH(1,('2024_Draft_team'!$Q51='2024_Transactions'!$C$2:$C$339)*('2024_Draft_team'!$B51='2024_Transactions'!$B$2:$B$339)*('2024_Transactions'!$J$2:$J$339="Dropped"),0))="Dropped"),FALSE)} -> FALSE
A52: 24/2 | B52: Team 4 | C52: Drake Maye QB | NE | D52: 0 sec | E52: #24 QB | F52: 403 | G52: 94 | H52: =(RIGHT('2024_Draft_team'!$C52,8)="(Keeper)") -> FALSE | I52: =IF(RIGHT(LEFT('2024_Draft_team'!$A52,3))="/",RIGHT(LEFT('2024_Draft_team'!$A52,2),1),RIGHT(LEFT('2024_Draft_team'!$A52,3),2)) -> 24 | J52: =IF(OR(AND(('2024_Draft_team'!$I52-4)<=0,'2024_Draft_team'!$H52=TRUE),('2024_Draft_team'!$R52=TRUE)),"N/A",IF('2024_Draft_team'!$H52=TRUE,'2024_Draft_team'!$I52-4,'2024_Draft_team'!$I52-0)) -> 24 | K52: Drake | L52: Maye | M52: QB | N52: | | O52: NE | Q52: ='2024_Draft_team'!$K52&'2024_Draft_team'!$L52 -> DrakeMaye | R52: {=IFERROR((INDEX('2024_Transactions'!$J$2:$J$339,MATCH(1,('2024_Draft_team'!$Q52='2024_Transactions'!$C$2:$C$339)*('2024_Draft_team'!$B52='2024_Transactions'!$B$2:$B$339)*('2024_Transactions'!$J$2:$J$339="Dropped"),0))="Dropped"),FALSE)} -> FALSE
A53: 25/2 | B53: Team 4 | C53: Matt Judon LB | ATL (Keeper) | D53: 0 sec | E53: #76 LB | F53: 195 | G53: 0 | H53: =(RIGHT('2024_Draft_team'!$C53,8)="(Keeper)") -> TRUE | I53: =IF(RIGHT(LEFT('2024_Draft_team'!$A53,3))="/",RIGHT(LEFT('2024_Draft_team'!$A53,2),1),RIGHT(LEFT('2024_Draft_team'!$A53,3),2)) -> 25 | J53: =IF(OR(AND(('2024_Draft_team'!$I53-4)<=0,'2024_Draft_team'!$H53=TRUE),('2024_Draft_team'!$R53=TRUE)),"N/A",IF('2024_Draft_team'!$H53=TRUE,'2024_Draft_team'!$I53-4,'2024_Draft_team'!$I53-0)) -> 21 | K53: Matt | L53: Judon | M53: LB | N53: | | O53: ATL | P53: (Keeper) | Q53: ='2024_Draft_team'!$K53&'2024_Draft_team'!$L53 -> MattJudon | R53: {=IFERROR((INDEX('2024_Transactions'!$J$2:$J$339,MATCH(1,('2024_Draft_team'!$Q53='2024_Transactions'!$C$2:$C$339)*('2024_Draft_team'!$B53='2024_Transactions'!$B$2:$B$339)*('2024_Transactions'!$J$2:$J$339="Dropped"),0))="Dropped"),FALSE)} -> FALSE
A54: 26/2 | B54: Team 4 | C54: Jalen Carter DL | PHI (Keeper) | D54: 0 sec | E54: #22 DL | F54: 221 | G54: 3 | H54: =(RIGHT('2024_Draft_team'!$C54,8)="(Keeper)") -> TRUE | I54: =IF(RIGHT(LEFT('2024_Draft_team'!$A54,3))="/",RIGHT(LEFT('2024_Draft_team'!$A54,2),1),RIGHT(LEFT('2024_Draft_team'!$A54,3),2)) -> 26 | J54: =IF(OR(AND(('2024_Draft_team'!$I54-4)<=0,'2024_Draft_team'!$H54=TRUE),('2024_Draft_team'!$R54=TRUE)),"N/A",IF('2024_Draft_team'!$H54=TRUE,'2024_Draft_team'!$I54-4,'2024_Draft_team'!$I54-0)) -> 22 | K54: Jalen | L54: Carter | M54: DL | N54: | | O54: PHI | P54: (Keeper) | Q54: ='2024_Draft_team'!$K54&'2024_Draft_team'!$L54 -> JalenCarter | R54: {=IFERROR((INDEX('2024_Transactions'!$J$2:$J$339,MATCH(1,('2024_Draft_team'!$Q54='2024_Transactions'!$C$2:$C$339)*('2024_Draft_team'!$B54='2024_Transactions'!$B$2:$B$339)*('2024_Transactions'!$J$2:$J$339="Dropped"),0))="Dropped"),FALSE)} -> FALSE
A55: 27/2 | B55: Team 4 | C55: Mike Evans WR | TB (Keeper) | D55: 0 sec (2 hrs 18 min 54 sec) | E55: #11 WR | F55: 410 | G55: 231 | H55: =(RIGHT('2024_Draft_team'!$C55,8)="(Keeper)") -> TRUE | I55: =IF(RIGHT(LEFT('2024_Draft_team'!$A55,3))="/",RIGHT(LEFT('2024_Draft_team'!$A55,2),1),RIGHT(LEFT('2024_Draft_team'!$A55,3),2)) -> 27 | J55: =IF(OR(AND(('2024_Draft_team'!$I55-4)<=0,'2024_Draft_team'!$H55=TRUE),('2024_Draft_team'!$R55=TRUE)),"N/A",IF('2024_Draft_team'!$H55=TRUE,'2024_Draft_team'!$I55-4,'2024_Draft_team'!$I55-0)) -> 23 | K55: Mike | L55: Evans | M55: WR | N55: | | O55: TB | P55: (Keeper) | Q55: ='2024_Draft_team'!$K55&'2024_Draft_team'!$L55 -> MikeEvans | R55: {=IFERROR((INDEX('2024_Transactions'!$J$2:$J$339,MATCH(1,('2024_Draft_team'!$Q55='2024_Transactions'!$C$2:$C$339)*('2024_Draft_team'!$B55='2024_Transactions'!$B$2:$B$339)*('2024_Transactions'!$J$2:$J$339="Dropped"),0))="Dropped"),FALSE)} -> FALSE
A56: 1/3 | B56: Go Go Garrett | C56: Patrick Mahomes QB | KC (Keeper) | D56: 0 sec | E56: #7 QB | F56: 775 | G56: 639 | H56: =(RIGHT('2024_Draft_team'!$C56,8)="(Keeper)") -> TRUE | I56: =IF(RIGHT(LEFT('2024_Draft_team'!$A56,3))="/",RIGHT(LEFT('2024_Draft_team'!$A56,2),1),RIGHT(LEFT('2024_Draft_team'!$A56,3),2)) -> 1 | J56: =IF(OR(AND(('2024_Draft_team'!$I56-4)<=0,'2024_Draft_team'!$H56=TRUE),('2024_Draft_team'!$R56=TRUE)),"N/A",IF('2024_Draft_team'!$H56=TRUE,'2024_Draft_team'!$I56-4,'2024_Draft_team'!$I56-0)) -> N/A | K56: Patrick | L56: Mahomes | M56: QB | N56: | | O56: KC | P56: (Keeper) | Q56: ='2024_Draft_team'!$K56&'2024_Draft_team'!$L56 -> PatrickMahomes | R56: {=IFERROR((INDEX('2024_Transactions'!$J$2:$J$339,MATCH(1,('2024_Draft_team'!$Q56='2024_Transactions'!$C$2:$C$339)*('2024_Draft_team'!$B56='2024_Transactions'!$B$2:$B$339)*('2024_Transactions'!$J$2:$J$339="Dropped"),0))="Dropped"),FALSE)} -> FALSE
A57: 2/3 | B57: Go Go Garrett | C57: Kirk Cousins QB | ATL | D57: 26 sec | E57: #23 QB | F57: 418 | G57: 418 | H57: =(RIGHT('2024_Draft_team'!$C57,8)="(Keeper)") -> FALSE | I57: =IF(RIGHT(LEFT('2024_Draft_team'!$A57,3))="/",RIGHT(LEFT('2024_Draft_team'!$A57,2),1),RIGHT(LEFT('2024_Draft_team'!$A57,3),2)) -> 2 | J57: =IF(OR(AND(('2024_Draft_team'!$I57-4)<=0,'2024_Draft_team'!$H57=TRUE),('2024_Draft_team'!$R57=TRUE)),"N/A",IF('2024_Draft_team'!$H57=TRUE,'2024_Draft_team'!$I57-4,'2024_Draft_team'!$I57-0)) -> 2 | K57: Kirk | L57: Cousins | M57: QB | N57: | | O57: ATL | Q57: ='2024_Draft_team'!$K57&'2024_Draft_team'!$L57 -> KirkCousins | R57: {=IFERROR((INDEX('2024_Transactions'!$J$2:$J$339,MATCH(1,('2024_Draft_team'!$Q57='2024_Transactions'!$C$2:$C$339)*('2024_Draft_team'!$B57='2024_Transactions'!$B$2:$B$339)*('2024_Transactions'!$J$2:$J$339="Dropped"),0))="Dropped"),FALSE)} -> FALSE
A58: 3/3 | B58: Go Go Garrett | C58: Roquan Smith LB | BAL (Keeper) | D58: 0 sec | E58: #11 LB | F58: 390 | G58: 282 | H58: =(RIGHT('2024_Draft_team'!$C58,8)="(Keeper)") -> TRUE | I58: =IF(RIGHT(LEFT('2024_Draft_team'!$A58,3))="/",RIGHT(LEFT('2024_Draft_team'!$A58,2),1),RIGHT(LEFT('2024_Draft_team'!$A58,3),2)) -> 3 | J58: =IF(OR(AND(('2024_Draft_team'!$I58-4)<=0,'2024_Draft_team'!$H58=TRUE),('2024_Draft_team'!$R58=TRUE)),"N/A",IF('2024_Draft_team'!$H58=TRUE,'2024_Draft_team'!$I58-4,'2024_Draft_team'!$I58-0)) -> N/A | K58: Roquan | L58: Smith | M58: LB | N58: | | O58: BAL | P58: (Keeper) | Q58: ='2024_Draft_team'!$K58&'2024_Draft_team'!$L58 -> RoquanSmith | R58: {=IFERROR((INDEX('2024_Transactions'!$J$2:$J$339,MATCH(1,('2024_Draft_team'!$Q58='2024_Transactions'!$C$2:$C$339)*('2024_Draft_team'!$B58='2024_Transactions'!$B$2:$B$339)*('2024_Transactions'!$J$2:$J$339="Dropped"),0))="Dropped"),FALSE)} -> FALSE
A59: 4/3 | B59: Go Go Garrett | C59: Derwin James DB | LAC | D59: 4 sec | E59: #13 DB | F59: 342 | G59: 308 | H59: =(RIGHT('2024_Draft_team'!$C59,8)="(Keeper)") -> FALSE | I59: =IF(RIGHT(LEFT('2024_Draft_team'!$A59,3))="/",RIGHT(LEFT('2024_Draft_team'!$A59,2),1),RIGHT(LEFT('2024_Draft_team'!$A59,3),2)) -> 4 | J59: =IF(OR(AND(('2024_Draft_team'!$I59-4)<=0,'2024_Draft_team'!$H59=TRUE),('2024_Draft_team'!$R59=TRUE)),"N/A",IF('2024_Draft_team'!$H59=TRUE,'2024_Draft_team'!$I59-4,'2024_Draft_team'!$I59-0)) -> 4 | K59: Derwin | L59: James | M59: DB | N59: | | O59: LAC | Q59: ='2024_Draft_team'!$K59&'2024_Draft_team'!$L59 -> DerwinJames | R59: {=IFERROR((INDEX('2024_Transactions'!$J$2:$J$339,MATCH(1,('2024_Draft_team'!$Q59='2024_Transactions'!$C$2:$C$339)*('2024_Draft_team'!$B59='2024_Transactions'!$B$2:$B$339)*('2024_Transactions'!$J$2:$J$339="Dropped"),0))="Dropped"),FALSE)} -> FALSE
A60: 5/3 | B60: Go Go Garrett | C60: Garrett Wilson WR | NYJ (Keeper) | D60: 0 sec | E60: #13 WR | F60: 408 | G60: 293 | H60: =(RIGHT('2024_Draft_team'!$C60,8)="(Keeper)") -> TRUE | I60: =IF(RIGHT(LEFT('2024_Draft_team'!$A60,3))="/",RIGHT(LEFT('2024_Draft_team'!$A60,2),1),RIGHT(LEFT('2024_Draft_team'!$A60,3),2)) -> 5 | J60: =IF(OR(AND(('2024_Draft_team'!$I60-4)<=0,'2024_Draft_team'!$H60=TRUE),('2024_Draft_team'!$R60=TRUE)),"N/A",IF('2024_Draft_team'!$H60=TRUE,'2024_Draft_team'!$I60-4,'2024_Draft_team'!$I60-0)) -> 1 | K60: Garrett | L60: Wilson | M60: WR | N60: | | O60: NYJ | P60: (Keeper) | Q60: ='2024_Draft_team'!$K60&'2024_Draft_team'!$L60 -> GarrettWilson | R60: {=IFERROR((INDEX('2024_Transactions'!$J$2:$J$339,MATCH(1,('2024_Draft_team'!$Q60='2024_Transactions'!$C$2:$C$339)*('2024_Draft_team'!$B60='2024_Transactions'!$B$2:$B$339)*('2024_Transactions'!$J$2:$J$339="Dropped"),0))="Dropped"),FALSE)} -> FALSE
A61: 6/3 | B61: Go Go Garrett | C61: Aidan Hutchinson DL | DET | D61: 19 sec | E61: #79 DL | F61: 133 | G61: 133 | H61: =(RIGHT('2024_Draft_team'!$C61,8)="(Keeper)") -> FALSE | I61: =IF(RIGHT(LEFT('2024_Draft_team'!$A61,3))="/",RIGHT(LEFT('2024_Draft_team'!$A61,2),1),RIGHT(LEFT('2024_Draft_team'!$A61,3),2)) -> 6 | J61: =IF(OR(AND(('2024_Draft_team'!$I61-4)<=0,'2024_Draft_team'!$H61=TRUE),('2024_Draft_team'!$R61=TRUE)),"N/A",IF('2024_Draft_team'!$H61=TRUE,'2024_Draft_team'!$I61-4,'2024_Draft_team'!$I61-0)) -> 6 | K61: Aidan | L61: Hutchinson | M61: DL | N61: | | O61: DET | Q61: ='2024_Draft_team'!$K61&'2024_Draft_team'!$L61 -> AidanHutchinson | R61: {=IFERROR((INDEX('2024_Transactions'!$J$2:$J$339,MATCH(1,('2024_Draft_team'!$Q61='2024_Transactions'!$C$2:$C$339)*('2024_Draft_team'!$B61='2024_Transactions'!$B$2:$B$339)*('2024_Transactions'!$J$2:$J$339="Dropped"),0))="Dropped"),FALSE)} -> FALSE
A62: 7/3 | B62: Go Go Garrett | C62: Camryn Bynum DB | MIN | D62: 20 sec | E62: #33 DB | F62: 282 | G62: 9 | H62: =(RIGHT('2024_Draft_team'!$C62,8)="(Keeper)") -> FALSE | I62: =IF(RIGHT(LEFT('2024_Draft_team'!$A62,3))="/",RIGHT(LEFT('2024_Draft_team'!$A62,2),1),RIGHT(LEFT('2024_Draft_team'!$A62,3),2)) -> 7 | J62: =IF(OR(AND(('2024_Draft_team'!$I62-4)<=0,'2024_Draft_team'!$H62=TRUE),('2024_Draft_team'!$R62=TRUE)),"N/A",IF('2024_Draft_team'!$H62=TRUE,'2024_Draft_team'!$I62-4,'2024_Draft_team'!$I62-0)) -> N/A | K62: Camryn | L62: Bynum | M62: DB | N62: | | O62: MIN | Q62: ='2024_Draft_team'!$K62&'2024_Draft_team'!$L62 -> CamrynBynum | R62: {=IFERROR((INDEX('2024_Transactions'!$J$2:$J$339,MATCH(1,('2024_Draft_team'!$Q62='2024_Transactions'!$C$2:$C$339)*('2024_Draft_team'!$B62='2024_Transactions'!$B$2:$B$339)*('2024_Transactions'!$J$2:$J$339="Dropped"),0))="Dropped"),FALSE)} -> TRUE
A63: 8/3 | B63: Go Go Garrett | C63: Sam LaPorta TE | DET | D63: 11 sec | E63: #8 TE | F63: 322 | G63: 115 | H63: =(RIGHT('2024_Draft_team'!$C63,8)="(Keeper)") -> FALSE | I63: =IF(RIGHT(LEFT('2024_Draft_team'!$A63,3))="/",RIGHT(LEFT('2024_Draft_team'!$A63,2),1),RIGHT(LEFT('2024_Draft_team'!$A63,3),2)) -> 8 | J63: =IF(OR(AND(('2024_Draft_team'!$I63-4)<=0,'2024_Draft_team'!$H63=TRUE),('2024_Draft_team'!$R63=TRUE)),"N/A",IF('2024_Draft_team'!$H63=TRUE,'2024_Draft_team'!$I63-4,'2024_Draft_team'!$I63-0)) -> 8 | K63: Sam | L63: LaPorta | M63: TE | N63: | | O63: DET | Q63: ='2024_Draft_team'!$K63&'2024_Draft_team'!$L63 -> SamLaPorta | R63: {=IFERROR((INDEX('2024_Transactions'!$J$2:$J$339,MATCH(1,('2024_Draft_team'!$Q63='2024_Transactions'!$C$2:$C$339)*('2024_Draft_team'!$B63='2024_Transactions'!$B$2:$B$339)*('2024_Transactions'!$J$2:$J$339="Dropped"),0))="Dropped"),FALSE)} -> FALSE
A64: 9/3 | B64: Go Go Garrett | C64: Kenneth Walker III RB | SEA (Keeper) | D64: 0 sec | E64: #30 RB | F64: 265 | G64: 53 | H64: =(RIGHT('2024_Draft_team'!$C64,8)="(Keeper)") -> TRUE | I64: =IF(RIGHT(LEFT('2024_Draft_team'!$A64,3))="/",RIGHT(LEFT('2024_Draft_team'!$A64,2),1),RIGHT(LEFT('2024_Draft_team'!$A64,3),2)) -> 9 | J64: =IF(OR(AND(('2024_Draft_team'!$I64-4)<=0,'2024_Draft_team'!$H64=TRUE),('2024_Draft_team'!$R64=TRUE)),"N/A",IF('2024_Draft_team'!$H64=TRUE,'2024_Draft_team'!$I64-4,'2024_Draft_team'!$I64-0)) -> 5 | K64: Kenneth | L64: Walker | M64: III | N64: RB | O64: | | P64: SEA | Q64: ='2024_Draft_team'!$K64&'2024_Draft_team'!$L64&'2024_Draft_team'!$M64 -> KennethWalkerIII | R64: {=IFERROR((INDEX('2024_Transactions'!$J$2:$J$339,MATCH(1,('2024_Draft_team'!$Q64='2024_Transactions'!$C$2:$C$339)*('2024_Draft_team'!$B64='2024_Transactions'!$B$2:$B$339)*('2024_Transactions'!$J$2:$J$339="Dropped"),0))="Dropped"),FALSE)} -> FALSE
A65: 10/3 | B65: Go Go Garrett | C65: De'Vondre Campbell LB | SF (Keeper) | D65: 0 sec | E65: #84 LB | F65: 177 | G65: 11 | H65: =(RIGHT('2024_Draft_team'!$C65,8)="(Keeper)") -> TRUE | I65: =IF(RIGHT(LEFT('2024_Draft_team'!$A65,3))="/",RIGHT(LEFT('2024_Draft_team'!$A65,2),1),RIGHT(LEFT('2024_Draft_team'!$A65,3),2)) -> 10 | J65: =IF(OR(AND(('2024_Draft_team'!$I65-4)<=0,'2024_Draft_team'!$H65=TRUE),('2024_Draft_team'!$R65=TRUE)),"N/A",IF('2024_Draft_team'!$H65=TRUE,'2024_Draft_team'!$I65-4,'2024_Draft_team'!$I65-0)) -> N/A | K65: De'Vondre | L65: Campbell | M65: LB | N65: | | O65: SF | P65: (Keeper) | Q65: ='2024_Draft_team'!$K65&'2024_Draft_team'!$L65 -> De'VondreCampbell | R65: {=IFERROR((INDEX('2024_Transactions'!$J$2:$J$339,MATCH(1,('2024_Draft_team'!$Q65='2024_Transactions'!$C$2:$C$339)*('2024_Draft_team'!$B65='2024_Transactions'!$B$2:$B$339)*('2024_Transactions'!$J$2:$J$339="Dropped"),0))="Dropped"),FALSE)} -> TRUE
A66: 11/3 | B66: Go Go Garrett | C66: Quincy Williams LB | NYJ (Keeper) | D66: 0 sec | E66: #25 LB | F66: 330 | G66: 262 | H66: =(RIGHT('2024_Draft_team'!$C66,8)="(Keeper)") -> TRUE | I66: =IF(RIGHT(LEFT('2024_Draft_team'!$A66,3))="/",RIGHT(LEFT('2024_Draft_team'!$A66,2),1),RIGHT(LEFT('2024_Draft_team'!$A66,3),2)) -> 11 | J66: =IF(OR(AND(('2024_Draft_team'!$I66-4)<=0,'2024_Draft_team'!$H66=TRUE),('2024_Draft_team'!$R66=TRUE)),"N/A",IF('2024_Draft_team'!$H66=TRUE,'2024_Draft_team'!$I66-4,'2024_Draft_team'!$I66-0)) -> 7 | K66: Quincy | L66: Williams | M66: LB | N66: | | O66: NYJ | P66: (Keeper) | Q66: ='2024_Draft_team'!$K66&'2024_Draft_team'!$L66 -> QuincyWilliams | R66: {=IFERROR((INDEX('2024_Transactions'!$J$2:$J$339,MATCH(1,('2024_Draft_team'!$Q66='2024_Transactions'!$C$2:$C$339)*('2024_Draft_team'!$B66='2024_Transactions'!$B$2:$B$339)*('2024_Transactions'!$J$2:$J$339="Dropped"),0))="Dropped"),FALSE)} -> FALSE
A67: 12/3 | B67: Go Go Garrett | C67: Blake Cashman LB | MIN | D67: 18 min 21 sec | E67: #20 LB | F67: 356 | G67: 202 | H67: =(RIGHT('2024_Draft_team'!$C67,8)="(Keeper)") -> FALSE | I67: =IF(RIGHT(LEFT('2024_Draft_team'!$A67,3))="/",RIGHT(LEFT('2024_Draft_team'!$A67,2),1),RIGHT(LEFT('2024_Draft_team'!$A67,3),2)) -> 12 | J67: =IF(OR(AND(('2024_Draft_team'!$I67-4)<=0,'2024_Draft_team'!$H67=TRUE),('2024_Draft_team'!$R67=TRUE)),"N/A",IF('2024_Draft_team'!$H67=TRUE,'2024_Draft_team'!$I67-4,'2024_Draft_team'!$I67-0)) -> 12 | K67: Blake | L67: Cashman | M67: LB | N67: | | O67: MIN | Q67: ='2024_Draft_team'!$K67&'2024_Draft_team'!$L67 -> BlakeCashman | R67: {=IFERROR((INDEX('2024_Transactions'!$J$2:$J$339,MATCH(1,('2024_Draft_team'!$Q67='2024_Transactions'!$C$2:$C$339)*('2024_Draft_team'!$B67='2024_Transactions'!$B$2:$B$339)*('2024_Transactions'!$J$2:$J$339="Dropped"),0))="Dropped"),FALSE)} -> FALSE
A68: 13/3 | B68: Go Go Garrett | C68: Jonathon Brooks RB | CAR | D68: 1 min 2 sec | E68: #115 RB | F68: 8 | G68: 0 | H68: =(RIGHT('2024_Draft_team'!$C68,8)="(Keeper)") -> FALSE | I68: =IF(RIGHT(LEFT('2024_Draft_team'!$A68,3))="/",RIGHT(LEFT('2024_Draft_team'!$A68,2),1),RIGHT(LEFT('2024_Draft_team'!$A68,3),2)) -> 13 | J68: =IF(OR(AND(('2024_Draft_team'!$I68-4)<=0,'2024_Draft_team'!$H68=TRUE),('2024_Draft_team'!$R68=TRUE)),"N/A",IF('2024_Draft_team'!$H68=TRUE,'2024_Draft_team'!$I68-4,'2024_Draft_team'!$I68-0)) -> 13 | K68: Jonathon | L68: Brooks | M68: RB | N68: | | O68: CAR | Q68: ='2024_Draft_team'!$K68&'2024_Draft_team'!$L68 -> JonathonBrooks | R68: {=IFERROR((INDEX('2024_Transactions'!$J$2:$J$339,MATCH(1,('2024_Draft_team'!$Q68='2024_Transactions'!$C$2:$C$339)*('2024_Draft_team'!$B68='2024_Transactions'!$B$2:$B$339)*('2024_Transactions'!$J$2:$J$339="Dropped"),0))="Dropped"),FALSE)} -> FALSE
A69: 14/3 | B69: Go Go Garrett | C69: Bryce Young QB | CAR | D69: 2 min 36 sec | E69: #20 QB | F69: 433 | G69: 38 | H69: =(RIGHT('2024_Draft_team'!$C69,8)="(Keeper)") -> FALSE | I69: =IF(RIGHT(LEFT('2024_Draft_team'!$A69,3))="/",RIGHT(LEFT('2024_Draft_team'!$A69,2),1),RIGHT(LEFT('2024_Draft_team'!$A69,3),2)) -> 14 | J69: =IF(OR(AND(('2024_Draft_team'!$I69-4)<=0,'2024_Draft_team'!$H69=TRUE),('2024_Draft_team'!$R69=TRUE)),"N/A",IF('2024_Draft_team'!$H69=TRUE,'2024_Draft_team'!$I69-4,'2024_Draft_team'!$I69-0)) -> 14 | K69: Bryce | L69: Young | M69: QB | N69: | | O69: CAR | Q69: ='2024_Draft_team'!$K69&'2024_Draft_team'!$L69 -> BryceYoung | R69: {=IFERROR((INDEX('2024_Transactions'!$J$2:$J$339,MATCH(1,('2024_Draft_team'!$Q69='2024_Transactions'!$C$2:$C$339)*('2024_Draft_team'!$B69='2024_Transactions'!$B$2:$B$339)*('2024_Transactions'!$J$2:$J$339="Dropped"),0))="Dropped"),FALSE)} -> FALSE
A70: 15/3 | B70: Go Go Garrett | C70: Kyren Williams RB | LAR (Keeper) | D70: 0 sec | E70: #7 RB | F70: 495 | G70: 426 | H70: =(RIGHT('2024_Draft_team'!$C70,8)="(Keeper)") -> TRUE | I70: =IF(RIGHT(LEFT('2024_Draft_team'!$A70,3))="/",RIGHT(LEFT('2024_Draft_team'!$A70,2),1),RIGHT(LEFT('2024_Draft_team'!$A70,3),2)) -> 15 | J70: =IF(OR(AND(('2024_Draft_team'!$I70-4)<=0,'2024_Draft_team'!$H70=TRUE),('2024_Draft_team'!$R70=TRUE)),"N/A",IF('2024_Draft_team'!$H70=TRUE,'2024_Draft_team'!$I70-4,'2024_Draft_team'!$I70-0)) -> 11 | K70: Kyren | L70: Williams | M70: RB | N70: | | O70: LAR | P70: (Keeper) | Q70: ='2024_Draft_team'!$K70&'2024_Draft_team'!$L70 -> KyrenWilliams | R70: {=IFERROR((INDEX('2024_Transactions'!$J$2:$J$339,MATCH(1,('2024_Draft_team'!$Q70='2024_Transactions'!$C$2:$C$339)*('2024_Draft_team'!$B70='2024_Transactions'!$B$2:$B$339)*('2024_Transactions'!$J$2:$J$339="Dropped"),0))="Dropped"),FALSE)} -> FALSE
A71: 16/3 | B71: Go Go Garrett | C71: Julian Love DB | SEA (Keeper) | D71: 0 sec | E71: #10 DB | F71: 346 | G71: 311 | H71: =(RIGHT('2024_Draft_team'!$C71,8)="(Keeper)") -> TRUE | I71: =IF(RIGHT(LEFT('2024_Draft_team'!$A71,3))="/",RIGHT(LEFT('2024_Draft_team'!$A71,2),1),RIGHT(LEFT('2024_Draft_team'!$A71,3),2)) -> 16 | J71: =IF(OR(AND(('2024_Draft_team'!$I71-4)<=0,'2024_Draft_team'!$H71=TRUE),('2024_Draft_team'!$R71=TRUE)),"N/A",IF('2024_Draft_team'!$H71=TRUE,'2024_Draft_team'!$I71-4,'2024_Draft_team'!$I71-0)) -> 12 | K71: Julian | L71: Love | M71: DB | N71: | | O71: SEA | P71: (Keeper) | Q71: ='2024_Draft_team'!$K71&'2024_Draft_team'!$L71 -> JulianLove | R71: {=IFERROR((INDEX('2024_Transactions'!$J$2:$J$339,MATCH(1,('2024_Draft_team'!$Q71='2024_Transactions'!$C$2:$C$339)*('2024_Draft_team'!$B71='2024_Transactions'!$B$2:$B$339)*('2024_Transactions'!$J$2:$J$339="Dropped"),0))="Dropped"),FALSE)} -> FALSE
A72: 17/3 | B72: Go Go Garrett | C72: Zay Flowers WR | BAL (Keeper) | D72: 0 sec | E72: #30 WR | F72: 334 | G72: 123 | H72: =(RIGHT('2024_Draft_team'!$C72,8)="(Keeper)") -> TRUE | I72: =IF(RIGHT(LEFT('2024_Draft_team'!$A72,3))="/",RIGHT(LEFT('2024_Draft_team'!$A72,2),1),RIGHT(LEFT('2024_Draft_team'!$A72,3),2)) -> 17 | J72: =IF(OR(AND(('2024_Draft_team'!$I72-4)<=0,'2024_Draft_team'!$H72=TRUE),('2024_Draft_team'!$R72=TRUE)),"N/A",IF('2024_Draft_team'!$H72=TRUE,'2024_Draft_team'!$I72-4,'2024_Draft_team'!$I72-0)) -> 13 | K72: Zay | L72: Flowers | M72: WR | N72: | | O72: BAL | P72: (Keeper) | Q72: ='2024_Draft_team'!$K72&'2024_Draft_team'!$L72 -> ZayFlowers | R72: {=IFERROR((INDEX('2024_Transactions'!$J$2:$J$339,MATCH(1,('2024_Draft_team'!$Q72='2024_Transactions'!$C$2:$C$339)*('2024_Draft_team'!$B72='2024_Transactions'!$B$2:$B$339)*('2024_Transactions'!$J$2:$J$339="Dropped"),0))="Dropped"),FALSE)} -> FALSE
A73: 18/3 | B73: Go Go Garrett | C73: David Montgomery RB | DET (Keeper) | D73: 0 sec | E73: #17 RB | F73: 359 | G73: 71 | H73: =(RIGHT('2024_Draft_team'!$C73,8)="(Keeper)") -> TRUE | I73: =IF(RIGHT(LEFT('2024_Draft_team'!$A73,3))="/",RIGHT(LEFT('2024_Draft_team'!$A73,2),1),RIGHT(LEFT('2024_Draft_team'!$A73,3),2)) -> 18 | J73: =IF(OR(AND(('2024_Draft_team'!$I73-4)<=0,'2024_Draft_team'!$H73=TRUE),('2024_Draft_team'!$R73=TRUE)),"N/A",IF('2024_Draft_team'!$H73=TRUE,'2024_Draft_team'!$I73-4,'2024_Draft_team'!$I73-0)) -> 14 | K73: David | L73: Montgomery | M73: RB | N73: | | O73: DET | P73: (Keeper) | Q73: ='2024_Draft_team'!$K73&'2024_Draft_team'!$L73 -> DavidMontgomery | R73: {=IFERROR((INDEX('2024_Transactions'!$J$2:$J$339,MATCH(1,('2024_Draft_team'!$Q73='2024_Transactions'!$C$2:$C$339)*('2024_Draft_team'!$B73='2024_Transactions'!$B$2:$B$339)*('2024_Transactions'!$J$2:$J$339="Dropped"),0))="Dropped"),FALSE)} -> FALSE
A74: 19/3 | B74: Go Go Garrett | C74: Josey Jewell LB | CAR | D74: 39 min 32 sec | E74: #41 LB | F74: 281 | G74: 257 | H74: =(RIGHT('2024_Draft_team'!$C74,8)="(Keeper)") -> FALSE | I74: =IF(RIGHT(LEFT('2024_Draft_team'!$A74,3))="/",RIGHT(LEFT('2024_Draft_team'!$A74,2),1),RIGHT(LEFT('2024_Draft_team'!$A74,3),2)) -> 19 | J74: =IF(OR(AND(('2024_Draft_team'!$I74-4)<=0,'2024_Draft_team'!$H74=TRUE),('2024_Draft_team'!$R74=TRUE)),"N/A",IF('2024_Draft_team'!$H74=TRUE,'2024_Draft_team'!$I74-4,'2024_Draft_team'!$I74-0)) -> 19 | K74: Josey | L74: Jewell | M74: LB | N74: | | O74: CAR | Q74: ='2024_Draft_team'!$K74&'2024_Draft_team'!$L74 -> JoseyJewell | R74: {=IFERROR((INDEX('2024_Transactions'!$J$2:$J$339,MATCH(1,('2024_Draft_team'!$Q74='2024_Transactions'!$C$2:$C$339)*('2024_Draft_team'!$B74='2024_Transactions'!$B$2:$B$339)*('2024_Transactions'!$J$2:$J$339="Dropped"),0))="Dropped"),FALSE)} -> FALSE
A75: 20/3 | B75: Go Go Garrett | C75: Josh Metellus DB | MIN | D75: 7 min 53 sec | E75: #34 DB | F75: 281 | G75: 0 | H75: =(RIGHT('2024_Draft_team'!$C75,8)="(Keeper)") -> FALSE | I75: =IF(RIGHT(LEFT('2024_Draft_team'!$A75,3))="/",RIGHT(LEFT('2024_Draft_team'!$A75,2),1),RIGHT(LEFT('2024_Draft_team'!$A75,3),2)) -> 20 | J75: =IF(OR(AND(('2024_Draft_team'!$I75-4)<=0,'2024_Draft_team'!$H75=TRUE),('2024_Draft_team'!$R75=TRUE)),"N/A",IF('2024_Draft_team'!$H75=TRUE,'2024_Draft_team'!$I75-4,'2024_Draft_team'!$I75-0)) -> N/A | K75: Josh | L75: Metellus | M75: DB | N75: | | O75: MIN | Q75: ='2024_Draft_team'!$K75&'2024_Draft_team'!$L75 -> JoshMetellus | R75: {=IFERROR((INDEX('2024_Transactions'!$J$2:$J$339,MATCH(1,('2024_Draft_team'!$Q75='2024_Transactions'!$C$2:$C$339)*('2024_Draft_team'!$B75='2024_Transactions'!$B$2:$B$339)*('2024_Transactions'!$J$2:$J$339="Dropped"),0))="Dropped"),FALSE)} -> TRUE
A76: 21/3 | B76: Go Go Garrett | C76: Brian Thomas Jr. WR | JAC | D76: 1 hrs 20 min 24 sec | E76: #5 WR | F76: 442 | G76: 285 | H76: =(RIGHT('2024_Draft_team'!$C76,8)="(Keeper)") -> FALSE | I76: =IF(RIGHT(LEFT('2024_Draft_team'!$A76,3))="/",RIGHT(LEFT('2024_Draft_team'!$A76,2),1),RIGHT(LEFT('2024_Draft_team'!$A76,3),2)) -> 21 | J76: =IF(OR(AND(('2024_Draft_team'!$I76-4)<=0,'2024_Draft_team'!$H76=TRUE),('2024_Draft_team'!$R76=TRUE)),"N/A",IF('2024_Draft_team'!$H76=TRUE,'2024_Draft_team'!$I76-4,'2024_Draft_team'!$I76-0)) -> 21 | K76: Brian | L76: Thomas | M76: Jr. | N76: WR | O76: | | P76: JAC | Q76: ='2024_Draft_team'!$K76&'2024_Draft_team'!$L76&'2024_Draft_team'!$M76 -> BrianThomasJr. | R76: {=IFERROR((INDEX('2024_Transactions'!$J$2:$J$339,MATCH(1,('2024_Draft_team'!$Q76='2024_Transactions'!$C$2:$C$339)*('2024_Draft_team'!$B76='2024_Transactions'!$B$2:$B$339)*('2024_Transactions'!$J$2:$J$339="Dropped"),0))="Dropped"),FALSE)} -> FALSE
A77: 22/3 | B77: Go Go Garrett | C77: Nicholas Morrow LB | PHI | D77: 2 hrs 46 min 59 sec | E77: #254 LB | F77: 8 | G77: 0 | H77: =(RIGHT('2024_Draft_team'!$C77,8)="(Keeper)") -> FALSE | I77: =IF(RIGHT(LEFT('2024_Draft_team'!$A77,3))="/",RIGHT(LEFT('2024_Draft_team'!$A77,2),1),RIGHT(LEFT('2024_Draft_team'!$A77,3),2)) -> 22 | J77: =IF(OR(AND(('2024_Draft_team'!$I77-4)<=0,'2024_Draft_team'!$H77=TRUE),('2024_Draft_team'!$R77=TRUE)),"N/A",IF('2024_Draft_team'!$H77=TRUE,'2024_Draft_team'!$I77-4,'2024_Draft_team'!$I77-0)) -> N/A | K77: Nicholas | L77: Morrow | M77: LB | N77: | | O77: PHI | Q77: ='2024_Draft_team'!$K77&'2024_Draft_team'!$L77 -> NicholasMorrow | R77: {=IFERROR((INDEX('2024_Transactions'!$J$2:$J$339,MATCH(1,('2024_Draft_team'!$Q77='2024_Transactions'!$C$2:$C$339)*('2024_Draft_team'!$B77='2024_Transactions'!$B$2:$B$339)*('2024_Transactions'!$J$2:$J$339="Dropped"),0))="Dropped"),FALSE)} -> TRUE
A78: 23/3 | B78: Go Go Garrett | C78: De'Von Achane RB | MIA (Keeper) | D78: 0 sec | E78: #9 RB | F78: 429 | G78: 336 | H78: =(RIGHT('2024_Draft_team'!$C78,8)="(Keeper)") -> TRUE | I78: =IF(RIGHT(LEFT('2024_Draft_team'!$A78,3))="/",RIGHT(LEFT('2024_Draft_team'!$A78,2),1),RIGHT(LEFT('2024_Draft_team'!$A78,3),2)) -> 23 | J78: =IF(OR(AND(('2024_Draft_team'!$I78-4)<=0,'2024_Draft_team'!$H78=TRUE),('2024_Draft_team'!$R78=TRUE)),"N/A",IF('2024_Draft_team'!$H78=TRUE,'2024_Draft_team'!$I78-4,'2024_Draft_team'!$I78-0)) -> 19 | K78: De'Von | L78: Achane | M78: RB | N78: | | O78: MIA | P78: (Keeper) | Q78: ='2024_Draft_team'!$K78&'2024_Draft_team'!$L78 -> De'VonAchane | R78: {=IFERROR((INDEX('2024_Transactions'!$J$2:$J$339,MATCH(1,('2024_Draft_team'!$Q78='2024_Transactions'!$C$2:$C$339)*('2024_Draft_team'!$B78='2024_Transactions'!$B$2:$B$339)*('2024_Transactions'!$J$2:$J$339="Dropped"),0))="Dropped"),FALSE)} -> FALSE
A79: 24/3 | B79: Go Go Garrett | C79: Jamin Davis LB | NYJ | D79: 12 min 44 sec | E79: #160 LB | F79: 56 | G79: 0 | H79: =(RIGHT('2024_Draft_team'!$C79,8)="(Keeper)") -> FALSE | I79: =IF(RIGHT(LEFT('2024_Draft_team'!$A79,3))="/",RIGHT(LEFT('2024_Draft_team'!$A79,2),1),RIGHT(LEFT('2024_Draft_team'!$A79,3),2)) -> 24 | J79: =IF(OR(AND(('2024_Draft_team'!$I79-4)<=0,'2024_Draft_team'!$H79=TRUE),('2024_Draft_team'!$R79=TRUE)),"N/A",IF('2024_Draft_team'!$H79=TRUE,'2024_Draft_team'!$I79-4,'2024_Draft_team'!$I79-0)) -> 24 | K79: Jamin | L79: Davis | M79: LB | N79: | | O79: NYJ | Q79: ='2024_Draft_team'!$K79&'2024_Draft_team'!$L79 -> JaminDavis | R79: {=IFERROR((INDEX('2024_Transactions'!$J$2:$J$339,MATCH(1,('2024_Draft_team'!$Q79='2024_Transactions'!$C$2:$C$339)*('2024_Draft_team'!$B79='2024_Transactions'!$B$2:$B$339)*('2024_Transactions'!$J$2:$J$339="Dropped"),0))="Dropped"),FALSE)} -> FALSE
A80: 25/3 | B80: Go Go Garrett | C80: Michael Pittman WR | IND (Keeper) | D80: 0 sec | E80: #42 WR | F80: 278 | G80: 56 | H80: =(RIGHT('2024_Draft_team'!$C80,8)="(Keeper)") -> TRUE | I80: =IF(RIGHT(LEFT('2024_Draft_team'!$A80,3))="/",RIGHT(LEFT('2024_Draft_team'!$A80,2),1),RIGHT(LEFT('2024_Draft_team'!$A80,3),2)) -> 25 | J80: =IF(OR(AND(('2024_Draft_team'!$I80-4)<=0,'2024_Draft_team'!$H80=TRUE),('2024_Draft_team'!$R80=TRUE)),"N/A",IF('2024_Draft_team'!$H80=TRUE,'2024_Draft_team'!$I80-4,'2024_Draft_team'!$I80-0)) -> 21 | K80: Michael | L80: Pittman | M80: WR | N80: | | O80: IND | P80: (Keeper) | Q80: ='2024_Draft_team'!$K80&'2024_Draft_team'!$L80 -> MichaelPittman | R80: {=IFERROR((INDEX('2024_Transactions'!$J$2:$J$339,MATCH(1,('2024_Draft_team'!$Q80='2024_Transactions'!$C$2:$C$339)*('2024_Draft_team'!$B80='2024_Transactions'!$B$2:$B$339)*('2024_Transactions'!$J$2:$J$339="Dropped"),0))="Dropped"),FALSE)} -> FALSE
A81: 26/3 | B81: Go Go Garrett | C81: Kyle Pitts TE | ATL | D81: 8 min 4 sec | E81: #19 TE | F81: 219 | G81: 0 | H81: =(RIGHT('2024_Draft_team'!$C81,8)="(Keeper)") -> FALSE | I81: =IF(RIGHT(LEFT('2024_Draft_team'!$A81,3))="/",RIGHT(LEFT('2024_Draft_team'!$A81,2),1),RIGHT(LEFT('2024_Draft_team'!$A81,3),2)) -> 26 | J81: =IF(OR(AND(('2024_Draft_team'!$I81-4)<=0,'2024_Draft_team'!$H81=TRUE),('2024_Draft_team'!$R81=TRUE)),"N/A",IF('2024_Draft_team'!$H81=TRUE,'2024_Draft_team'!$I81-4,'2024_Draft_team'!$I81-0)) -> 26 | K81: Kyle | L81: Pitts | M81: TE | N81: | | O81: ATL | Q81: ='2024_Draft_team'!$K81&'2024_Draft_team'!$L81 -> KylePitts | R81: {=IFERROR((INDEX('2024_Transactions'!$J$2:$J$339,MATCH(1,('2024_Draft_team'!$Q81='2024_Transactions'!$C$2:$C$339)*('2024_Draft_team'!$B81='2024_Transactions'!$B$2:$B$339)*('2024_Transactions'!$J$2:$J$339="Dropped"),0))="Dropped"),FALSE)} -> FALSE
A82: 27/3 | B82: Go Go Garrett | C82: Evan McPherson K | CIN | D82: 1 min 50 sec (5 hrs 40 min 45 sec) | E82: #29 K | F82: 176 | G82: 22 | H82: =(RIGHT('2024_Draft_team'!$C82,8)="(Keeper)") -> FALSE | I82: =IF(RIGHT(LEFT('2024_Draft_team'!$A82,3))="/",RIGHT(LEFT('2024_Draft_team'!$A82,2),1),RIGHT(LEFT('2024_Draft_team'!$A82,3),2)) -> 27 | J82: =IF(OR(AND(('2024_Draft_team'!$I82-4)<=0,'2024_Draft_team'!$H82=TRUE),('2024_Draft_team'!$R82=TRUE)),"N/A",IF('2024_Draft_team'!$H82=TRUE,'2024_Draft_team'!$I82-4,'2024_Draft_team'!$I82-0)) -> 27 | K82: Evan | L82: McPherson | M82: K | N82: | | O82: CIN | Q82: ='2024_Draft_team'!$K82&'2024_Draft_team'!$L82 -> EvanMcPherson | R82: {=IFERROR((INDEX('2024_Transactions'!$J$2:$J$339,MATCH(1,('2024_Draft_team'!$Q82='2024_Transactions'!$C$2:$C$339)*('2024_Draft_team'!$B82='2024_Transactions'!$B$2:$B$339)*('2024_Transactions'!$J$2:$J$339="Dropped"),0))="Dropped"),FALSE)} -> FALSE
A83: 1/4 | B83: The Bushwhackers | C83: Trevor Lawrence QB | JAC | D83: 47 sec | E83: #28 QB | F83: 307 | G83: 308 | H83: =(RIGHT('2024_Draft_team'!$C83,8)="(Keeper)") -> FALSE | I83: =IF(RIGHT(LEFT('2024_Draft_team'!$A83,3))="/",RIGHT(LEFT('2024_Draft_team'!$A83,2),1),RIGHT(LEFT('2024_Draft_team'!$A83,3),2)) -> 1 | J83: =IF(OR(AND(('2024_Draft_team'!$I83-4)<=0,'2024_Draft_team'!$H83=TRUE),('2024_Draft_team'!$R83=TRUE)),"N/A",IF('2024_Draft_team'!$H83=TRUE,'2024_Draft_team'!$I83-4,'2024_Draft_team'!$I83-0)) -> 1 | K83: Trevor | L83: Lawrence | M83: QB | N83: | | O83: JAC | Q83: ='2024_Draft_team'!$K83&'2024_Draft_team'!$L83 -> TrevorLawrence | R83: {=IFERROR((INDEX('2024_Transactions'!$J$2:$J$339,MATCH(1,('2024_Draft_team'!$Q83='2024_Transactions'!$C$2:$C$339)*('2024_Draft_team'!$B83='2024_Transactions'!$B$2:$B$339)*('2024_Transactions'!$J$2:$J$339="Dropped"),0))="Dropped"),FALSE)} -> FALSE
A84: 2/4 | B84: The Bushwhackers | C84: Justin Herbert QB | LAC | D84: 2 min 32 sec | E84: #12 QB | F84: 633 | G84: 266 | H84: =(RIGHT('2024_Draft_team'!$C84,8)="(Keeper)") -> FALSE | I84: =IF(RIGHT(LEFT('2024_Draft_team'!$A84,3))="/",RIGHT(LEFT('2024_Draft_team'!$A84,2),1),RIGHT(LEFT('2024_Draft_team'!$A84,3),2)) -> 2 | J84: =IF(OR(AND(('2024_Draft_team'!$I84-4)<=0,'2024_Draft_team'!$H84=TRUE),('2024_Draft_team'!$R84=TRUE)),"N/A",IF('2024_Draft_team'!$H84=TRUE,'2024_Draft_team'!$I84-4,'2024_Draft_team'!$I84-0)) -> 2 | K84: Justin | L84: Herbert | M84: QB | N84: | | O84: LAC | Q84: ='2024_Draft_team'!$K84&'2024_Draft_team'!$L84 -> JustinHerbert | R84: {=IFERROR((INDEX('2024_Transactions'!$J$2:$J$339,MATCH(1,('2024_Draft_team'!$Q84='2024_Transactions'!$C$2:$C$339)*('2024_Draft_team'!$B84='2024_Transactions'!$B$2:$B$339)*('2024_Transactions'!$J$2:$J$339="Dropped"),0))="Dropped"),FALSE)} -> FALSE
A85: 3/4 | B85: The Bushwhackers | C85: Devin White LB | HOU (Keeper) | D85: 0 sec | E85: #170 LB | F85: 49 | G85: 0 | H85: =(RIGHT('2024_Draft_team'!$C85,8)="(Keeper)") -> TRUE | I85: =IF(RIGHT(LEFT('2024_Draft_team'!$A85,3))="/",RIGHT(LEFT('2024_Draft_team'!$A85,2),1),RIGHT(LEFT('2024_Draft_team'!$A85,3),2)) -> 3 | J85: =IF(OR(AND(('2024_Draft_team'!$I85-4)<=0,'2024_Draft_team'!$H85=TRUE),('2024_Draft_team'!$R85=TRUE)),"N/A",IF('2024_Draft_team'!$H85=TRUE,'2024_Draft_team'!$I85-4,'2024_Draft_team'!$I85-0)) -> N/A | K85: Devin | L85: White | M85: LB | N85: | | O85: HOU | P85: (Keeper) | Q85: ='2024_Draft_team'!$K85&'2024_Draft_team'!$L85 -> DevinWhite | R85: {=IFERROR((INDEX('2024_Transactions'!$J$2:$J$339,MATCH(1,('2024_Draft_team'!$Q85='2024_Transactions'!$C$2:$C$339)*('2024_Draft_team'!$B85='2024_Transactions'!$B$2:$B$339)*('2024_Transactions'!$J$2:$J$339="Dropped"),0))="Dropped"),FALSE)} -> FALSE
A86: 4/4 | B86: The Bushwhackers | C86: Fred Warner LB | SF (Keeper) | D86: 0 sec | E86: #18 LB | F86: 361 | G86: 341 | H86: =(RIGHT('2024_Draft_team'!$C86,8)="(Keeper)") -> TRUE | I86: =IF(RIGHT(LEFT('2024_Draft_team'!$A86,3))="/",RIGHT(LEFT('2024_Draft_team'!$A86,2),1),RIGHT(LEFT('2024_Draft_team'!$A86,3),2)) -> 4 | J86: =IF(OR(AND(('2024_Draft_team'!$I86-4)<=0,'2024_Draft_team'!$H86=TRUE),('2024_Draft_team'!$R86=TRUE)),"N/A",IF('2024_Draft_team'!$H86=TRUE,'2024_Draft_team'!$I86-4,'2024_Draft_team'!$I86-0)) -> N/A | K86: Fred | L86: Warner | M86: LB | N86: | | O86: SF | P86: (Keeper) | Q86: ='2024_Draft_team'!$K86&'2024_Draft_team'!$L86 -> FredWarner | R86: {=IFERROR((INDEX('2024_Transactions'!$J$2:$J$339,MATCH(1,('2024_Draft_team'!$Q86='2024_Transactions'!$C$2:$C$339)*('2024_Draft_team'!$B86='2024_Transactions'!$B$2:$B$339)*('2024_Transactions'!$J$2:$J$339="Dropped"),0))="Dropped"),FALSE)} -> FALSE
A87: 5/4 | B87: The Bushwhackers | C87: Jordyn Brooks LB | MIA (Keeper) | D87: 0 sec | E87: #13 LB | F87: 383 | G87: 369 | H87: =(RIGHT('2024_Draft_team'!$C87,8)="(Keeper)") -> TRUE | I87: =IF(RIGHT(LEFT('2024_Draft_team'!$A87,3))="/",RIGHT(LEFT('2024_Draft_team'!$A87,2),1),RIGHT(LEFT('2024_Draft_team'!$A87,3),2)) -> 5 | J87: =IF(OR(AND(('2024_Draft_team'!$I87-4)<=0,'2024_Draft_team'!$H87=TRUE),('2024_Draft_team'!$R87=TRUE)),"N/A",IF('2024_Draft_team'!$H87=TRUE,'2024_Draft_team'!$I87-4,'2024_Draft_team'!$I87-0)) -> 1 | K87: Jordyn | L87: Brooks | M87: LB | N87: | | O87: MIA | P87: (Keeper) | Q87: ='2024_Draft_team'!$K87&'2024_Draft_team'!$L87 -> JordynBrooks | R87: {=IFERROR((INDEX('2024_Transactions'!$J$2:$J$339,MATCH(1,('2024_Draft_team'!$Q87='2024_Transactions'!$C$2:$C$339)*('2024_Draft_team'!$B87='2024_Transactions'!$B$2:$B$339)*('2024_Transactions'!$J$2:$J$339="Dropped"),0))="Dropped"),FALSE)} -> FALSE
A88: 6/4 | B88: The Bushwhackers | C88: Logan Wilson LB | CIN (Keeper) | D88: 0 sec | E88: #58 LB | F88: 226 | G88: 226 | H88: =(RIGHT('2024_Draft_team'!$C88,8)="(Keeper)") -> TRUE | I88: =IF(RIGHT(LEFT('2024_Draft_team'!$A88,3))="/",RIGHT(LEFT('2024_Draft_team'!$A88,2),1),RIGHT(LEFT('2024_Draft_team'!$A88,3),2)) -> 6 | J88: =IF(OR(AND(('2024_Draft_team'!$I88-4)<=0,'2024_Draft_team'!$H88=TRUE),('2024_Draft_team'!$R88=TRUE)),"N/A",IF('2024_Draft_team'!$H88=TRUE,'2024_Draft_team'!$I88-4,'2024_Draft_team'!$I88-0)) -> 2 | K88: Logan | L88: Wilson | M88: LB | N88: | | O88: CIN | P88: (Keeper) | Q88: ='2024_Draft_team'!$K88&'2024_Draft_team'!$L88 -> LoganWilson | R88: {=IFERROR((INDEX('2024_Transactions'!$J$2:$J$339,MATCH(1,('2024_Draft_team'!$Q88='2024_Transactions'!$C$2:$C$339)*('2024_Draft_team'!$B88='2024_Transactions'!$B$2:$B$339)*('2024_Transactions'!$J$2:$J$339="Dropped"),0))="Dropped"),FALSE)} -> FALSE
A89: 7/4 | B89: The Bushwhackers | C89: Amon-Ra St. Brown WR | DET (Keeper) | D89: 0 sec | E89: #2 WR | F89: 528 | G89: 477 | H89: =(RIGHT('2024_Draft_team'!$C89,8)="(Keeper)") -> TRUE | I89: =IF(RIGHT(LEFT('2024_Draft_team'!$A89,3))="/",RIGHT(LEFT('2024_Draft_team'!$A89,2),1),RIGHT(LEFT('2024_Draft_team'!$A89,3),2)) -> 7 | J89: =IF(OR(AND(('2024_Draft_team'!$I89-4)<=0,'2024_Draft_team'!$H89=TRUE),('2024_Draft_team'!$R89=TRUE)),"N/A",IF('2024_Draft_team'!$H89=TRUE,'2024_Draft_team'!$I89-4,'2024_Draft_team'!$I89-0)) -> 3 | K89: Amon-Ra | L89: St. | M89: Brown | N89: WR | O89: | | P89: DET | Q89: ='2024_Draft_team'!$K89&'2024_Draft_team'!$L89&'2024_Draft_team'!$M89 -> Amon-RaSt.Brown | R89: {=IFERROR((INDEX('2024_Transactions'!$J$2:$J$339,MATCH(1,('2024_Draft_team'!$Q89='2024_Transactions'!$C$2:$C$339)*('2024_Draft_team'!$B89='2024_Transactions'!$B$2:$B$339)*('2024_Transactions'!$J$2:$J$339="Dropped"),0))="Dropped"),FALSE)} -> FALSE
A90: 8/4 | B90: The Bushwhackers | C90: Frankie Luvu LB | WAS (Keeper) | D90: 0 sec | E90: #8 LB | F90: 398 | G90: 270 | H90: =(RIGHT('2024_Draft_team'!$C90,8)="(Keeper)") -> TRUE | I90: =IF(RIGHT(LEFT('2024_Draft_team'!$A90,3))="/",RIGHT(LEFT('2024_Draft_team'!$A90,2),1),RIGHT(LEFT('2024_Draft_team'!$A90,3),2)) -> 8 | J90: =IF(OR(AND(('2024_Draft_team'!$I90-4)<=0,'2024_Draft_team'!$H90=TRUE),('2024_Draft_team'!$R90=TRUE)),"N/A",IF('2024_Draft_team'!$H90=TRUE,'2024_Draft_team'!$I90-4,'2024_Draft_team'!$I90-0)) -> 4 | K90: Frankie | L90: Luvu | M90: LB | N90: | | O90: WAS | P90: (Keeper) | Q90: ='2024_Draft_team'!$K90&'2024_Draft_team'!$L90 -> FrankieLuvu | R90: {=IFERROR((INDEX('2024_Transactions'!$J$2:$J$339,MATCH(1,('2024_Draft_team'!$Q90='2024_Transactions'!$C$2:$C$339)*('2024_Draft_team'!$B90='2024_Transactions'!$B$2:$B$339)*('2024_Transactions'!$J$2:$J$339="Dropped"),0))="Dropped"),FALSE)} -> FALSE
A91: 9/4 | B91: The Bushwhackers | C91: Eric Kendricks LB | DAL (Keeper) | D91: 0 sec | E91: #19 LB | F91: 359 | G91: 331 | H91: =(RIGHT('2024_Draft_team'!$C91,8)="(Keeper)") -> TRUE | I91: =IF(RIGHT(LEFT('2024_Draft_team'!$A91,3))="/",RIGHT(LEFT('2024_Draft_team'!$A91,2),1),RIGHT(LEFT('2024_Draft_team'!$A91,3),2)) -> 9 | J91: =IF(OR(AND(('2024_Draft_team'!$I91-4)<=0,'2024_Draft_team'!$H91=TRUE),('2024_Draft_team'!$R91=TRUE)),"N/A",IF('2024_Draft_team'!$H91=TRUE,'2024_Draft_team'!$I91-4,'2024_Draft_team'!$I91-0)) -> 5 | K91: Eric | L91: Kendricks | M91: LB | N91: | | O91: DAL | P91: (Keeper) | Q91: ='2024_Draft_team'!$K91&'2024_Draft_team'!$L91 -> EricKendricks | R91: {=IFERROR((INDEX('2024_Transactions'!$J$2:$J$339,MATCH(1,('2024_Draft_team'!$Q91='2024_Transactions'!$C$2:$C$339)*('2024_Draft_team'!$B91='2024_Transactions'!$B$2:$B$339)*('2024_Transactions'!$J$2:$J$339="Dropped"),0))="Dropped"),FALSE)} -> FALSE
A92: 10/4 | B92: The Bushwhackers | C92: Tee Higgins WR | CIN (Keeper) | D92: 0 sec | E92: #25 WR | F92: 347 | G92: 319 | H92: =(RIGHT('2024_Draft_team'!$C92,8)="(Keeper)") -> TRUE | I92: =IF(RIGHT(LEFT('2024_Draft_team'!$A92,3))="/",RIGHT(LEFT('2024_Draft_team'!$A92,2),1),RIGHT(LEFT('2024_Draft_team'!$A92,3),2)) -> 10 | J92: =IF(OR(AND(('2024_Draft_team'!$I92-4)<=0,'2024_Draft_team'!$H92=TRUE),('2024_Draft_team'!$R92=TRUE)),"N/A",IF('2024_Draft_team'!$H92=TRUE,'2024_Draft_team'!$I92-4,'2024_Draft_team'!$I92-0)) -> 6 | K92: Tee | L92: Higgins | M92: WR | N92: | | O92: CIN | P92: (Keeper) | Q92: ='2024_Draft_team'!$K92&'2024_Draft_team'!$L92 -> TeeHiggins | R92: {=IFERROR((INDEX('2024_Transactions'!$J$2:$J$339,MATCH(1,('2024_Draft_team'!$Q92='2024_Transactions'!$C$2:$C$339)*('2024_Draft_team'!$B92='2024_Transactions'!$B$2:$B$339)*('2024_Transactions'!$J$2:$J$339="Dropped"),0))="Dropped"),FALSE)} -> FALSE
A93: 11/4 | B93: The Bushwhackers | C93: Javonte Williams RB | DEN (Keeper) | D93: 0 sec | E93: #31 RB | F93: 220 | G93: 114 | H93: =(RIGHT('2024_Draft_team'!$C93,8)="(Keeper)") -> TRUE | I93: =IF(RIGHT(LEFT('2024_Draft_team'!$A93,3))="/",RIGHT(LEFT('2024_Draft_team'!$A93,2),1),RIGHT(LEFT('2024_Draft_team'!$A93,3),2)) -> 11 | J93: =IF(OR(AND(('2024_Draft_team'!$I93-4)<=0,'2024_Draft_team'!$H93=TRUE),('2024_Draft_team'!$R93=TRUE)),"N/A",IF('2024_Draft_team'!$H93=TRUE,'2024_Draft_team'!$I93-4,'2024_Draft_team'!$I93-0)) -> 7 | K93: Javonte | L93: Williams | M93: RB | N93: | | O93: DEN | P93: (Keeper) | Q93: ='2024_Draft_team'!$K93&'2024_Draft_team'!$L93 -> JavonteWilliams | R93: {=IFERROR((INDEX('2024_Transactions'!$J$2:$J$339,MATCH(1,('2024_Draft_team'!$Q93='2024_Transactions'!$C$2:$C$339)*('2024_Draft_team'!$B93='2024_Transactions'!$B$2:$B$339)*('2024_Transactions'!$J$2:$J$339="Dropped"),0))="Dropped"),FALSE)} -> FALSE
A94: 12/4 | B94: The Bushwhackers | C94: Troy Andersen LB | ATL (Keeper) | D94: 0 sec | E94: #105 LB | F94: 132 | G94: 67 | H94: =(RIGHT('2024_Draft_team'!$C94,8)="(Keeper)") -> TRUE | I94: =IF(RIGHT(LEFT('2024_Draft_team'!$A94,3))="/",RIGHT(LEFT('2024_Draft_team'!$A94,2),1),RIGHT(LEFT('2024_Draft_team'!$A94,3),2)) -> 12 | J94: =IF(OR(AND(('2024_Draft_team'!$I94-4)<=0,'2024_Draft_team'!$H94=TRUE),('2024_Draft_team'!$R94=TRUE)),"N/A",IF('2024_Draft_team'!$H94=TRUE,'2024_Draft_team'!$I94-4,'2024_Draft_team'!$I94-0)) -> 8 | K94: Troy | L94: Andersen | M94: LB | N94: | | O94: ATL | P94: (Keeper) | Q94: ='2024_Draft_team'!$K94&'2024_Draft_team'!$L94 -> TroyAndersen | R94: {=IFERROR((INDEX('2024_Transactions'!$J$2:$J$339,MATCH(1,('2024_Draft_team'!$Q94='2024_Transactions'!$C$2:$C$339)*('2024_Draft_team'!$B94='2024_Transactions'!$B$2:$B$339)*('2024_Transactions'!$J$2:$J$339="Dropped"),0))="Dropped"),FALSE)} -> FALSE
A95: 13/4 | B95: The Bushwhackers | C95: Zack Moss RB | CIN | D95: 45 min 11 sec | E95: #51 RB | F95: 112 | G95: 74 | H95: =(RIGHT('2024_Draft_team'!$C95,8)="(Keeper)") -> FALSE | I95: =IF(RIGHT(LEFT('2024_Draft_team'!$A95,3))="/",RIGHT(LEFT('2024_Draft_team'!$A95,2),1),RIGHT(LEFT('2024_Draft_team'!$A95,3),2)) -> 13 | J95: =IF(OR(AND(('2024_Draft_team'!$I95-4)<=0,'2024_Draft_team'!$H95=TRUE),('2024_Draft_team'!$R95=TRUE)),"N/A",IF('2024_Draft_team'!$H95=TRUE,'2024_Draft_team'!$I95-4,'2024_Draft_team'!$I95-0)) -> 13 | K95: Zack | L95: Moss | M95: RB | N95: | | O95: CIN | Q95: ='2024_Draft_team'!$K95&'2024_Draft_team'!$L95 -> ZackMoss | R95: {=IFERROR((INDEX('2024_Transactions'!$J$2:$J$339,MATCH(1,('2024_Draft_team'!$Q95='2024_Transactions'!$C$2:$C$339)*('2024_Draft_team'!$B95='2024_Transactions'!$B$2:$B$339)*('2024_Transactions'!$J$2:$J$339="Dropped"),0))="Dropped"),FALSE)} -> FALSE
A96: 14/4 | B96: The Bushwhackers | C96: C.J. Stroud QB | HOU (Keeper) | D96: 0 sec | E96: #18 QB | F96: 569 | G96: 489 | H96: =(RIGHT('2024_Draft_team'!$C96,8)="(Keeper)") -> TRUE | I96: =IF(RIGHT(LEFT('2024_Draft_team'!$A96,3))="/",RIGHT(LEFT('2024_Draft_team'!$A96,2),1),RIGHT(LEFT('2024_Draft_team'!$A96,3),2)) -> 14 | J96: =IF(OR(AND(('2024_Draft_team'!$I96-4)<=0,'2024_Draft_team'!$H96=TRUE),('2024_Draft_team'!$R96=TRUE)),"N/A",IF('2024_Draft_team'!$H96=TRUE,'2024_Draft_team'!$I96-4,'2024_Draft_team'!$I96-0)) -> 10 | K96: C.J. | L96: Stroud | M96: QB | N96: | | O96: HOU | P96: (Keeper) | Q96: ='2024_Draft_team'!$K96&'2024_Draft_team'!$L96 -> C.J.Stroud | R96: {=IFERROR((INDEX('2024_Transactions'!$J$2:$J$339,MATCH(1,('2024_Draft_team'!$Q96='2024_Transactions'!$C$2:$C$339)*('2024_Draft_team'!$B96='2024_Transactions'!$B$2:$B$339)*('2024_Transactions'!$J$2:$J$339="Dropped"),0))="Dropped"),FALSE)} -> FALSE
A97: 15/4 | B97: The Bushwhackers | C97: Rachaad White RB | TB (Keeper) | D97: 0 sec | E97: #25 RB | F97: 287 | G97: 252 | H97: =(RIGHT('2024_Draft_team'!$C97,8)="(Keeper)") -> TRUE | I97: =IF(RIGHT(LEFT('2024_Draft_team'!$A97,3))="/",RIGHT(LEFT('2024_Draft_team'!$A97,2),1),RIGHT(LEFT('2024_Draft_team'!$A97,3),2)) -> 15 | J97: =IF(OR(AND(('2024_Draft_team'!$I97-4)<=0,'2024_Draft_team'!$H97=TRUE),('2024_Draft_team'!$R97=TRUE)),"N/A",IF('2024_Draft_team'!$H97=TRUE,'2024_Draft_team'!$I97-4,'2024_Draft_team'!$I97-0)) -> 11 | K97: Rachaad | L97: White | M97: RB | N97: | | O97: TB | P97: (Keeper) | Q97: ='2024_Draft_team'!$K97&'2024_Draft_team'!$L97 -> RachaadWhite | R97: {=IFERROR((INDEX('2024_Transactions'!$J$2:$J$339,MATCH(1,('2024_Draft_team'!$Q97='2024_Transactions'!$C$2:$C$339)*('2024_Draft_team'!$B97='2024_Transactions'!$B$2:$B$339)*('2024_Transactions'!$J$2:$J$339="Dropped"),0))="Dropped"),FALSE)} -> FALSE
A98: 16/4 | B98: The Bushwhackers | C98: Jerry Jeudy WR | CLE (Keeper) | D98: 0 sec | E98: #20 WR | F98: 368 | G98: 59 | H98: =(RIGHT('2024_Draft_team'!$C98,8)="(Keeper)") -> TRUE | I98: =IF(RIGHT(LEFT('2024_Draft_team'!$A98,3))="/",RIGHT(LEFT('2024_Draft_team'!$A98,2),1),RIGHT(LEFT('2024_Draft_team'!$A98,3),2)) -> 16 | J98: =IF(OR(AND(('2024_Draft_team'!$I98-4)<=0,'2024_Draft_team'!$H98=TRUE),('2024_Draft_team'!$R98=TRUE)),"N/A",IF('2024_Draft_team'!$H98=TRUE,'2024_Draft_team'!$I98-4,'2024_Draft_team'!$I98-0)) -> 12 | K98: Jerry | L98: Jeudy | M98: WR | N98: | | O98: CLE | P98: (Keeper) | Q98: ='2024_Draft_team'!$K98&'2024_Draft_team'!$L98 -> JerryJeudy | R98: {=IFERROR((INDEX('2024_Transactions'!$J$2:$J$339,MATCH(1,('2024_Draft_team'!$Q98='2024_Transactions'!$C$2:$C$339)*('2024_Draft_team'!$B98='2024_Transactions'!$B$2:$B$339)*('2024_Transactions'!$J$2:$J$339="Dropped"),0))="Dropped"),FALSE)} -> FALSE
A99: 17/4 | B99: The Bushwhackers | C99: Xavier Worthy WR | KC | D99: 4 min 46 sec | E99: #8 WR | F99: 418 | G99: 54 | H99: =(RIGHT('2024_Draft_team'!$C99,8)="(Keeper)") -> FALSE | I99: =IF(RIGHT(LEFT('2024_Draft_team'!$A99,3))="/",RIGHT(LEFT('2024_Draft_team'!$A99,2),1),RIGHT(LEFT('2024_Draft_team'!$A99,3),2)) -> 17 | J99: =IF(OR(AND(('2024_Draft_team'!$I99-4)<=0,'2024_Draft_team'!$H99=TRUE),('2024_Draft_team'!$R99=TRUE)),"N/A",IF('2024_Draft_team'!$H99=TRUE,'2024_Draft_team'!$I99-4,'2024_Draft_team'!$I99-0)) -> 17 | K99: Xavier | L99: Worthy | M99: WR | N99: | | O99: KC | Q99: ='2024_Draft_team'!$K99&'2024_Draft_team'!$L99 -> XavierWorthy | R99: {=IFERROR((INDEX('2024_Transactions'!$J$2:$J$339,MATCH(1,('2024_Draft_team'!$Q99='2024_Transactions'!$C$2:$C$339)*('2024_Draft_team'!$B99='2024_Transactions'!$B$2:$B$339)*('2024_Transactions'!$J$2:$J$339="Dropped"),0))="Dropped"),FALSE)} -> FALSE
A100: 18/4 | B100: The Bushwhackers | C100: Justin Tucker K | BAL (Keeper) | D100: 0 sec | E100: #11 K | F100: 299 | G100: 265 | H100: =(RIGHT('2024_Draft_team'!$C100,8)="(Keeper)") -> TRUE | I100: =IF(RIGHT(LEFT('2024_Draft_team'!$A100,3))="/",RIGHT(LEFT('2024_Draft_team'!$A100,2),1),RIGHT(LEFT('2024_Draft_team'!$A100,3),2)) -> 18 | J100: =IF(OR(AND(('2024_Draft_team'!$I100-4)<=0,'2024_Draft_team'!$H100=TRUE),('2024_Draft_team'!$R100=TRUE)),"N/A",IF('2024_Draft_team'!$H100=TRUE,'2024_Draft_team'!$I100-4,'2024_Draft_team'!$I100-0)) -> 14 | K100: Justin | L100: Tucker | M100: K | N100: | | O100: BAL | P100: (Keeper) | Q100: ='2024_Draft_team'!$K100&'2024_Draft_team'!$L100 -> JustinTucker | R100: {=IFERROR((INDEX('2024_Transactions'!$J$2:$J$339,MATCH(1,('2024_Draft_team'!$Q100='2024_Transactions'!$C$2:$C$339)*('2024_Draft_team'!$B100='2024_Transactions'!$B$2:$B$339)*('2024_Transactions'!$J$2:$J$339="Dropped"),0))="Dropped"),FALSE)} -> FALSE
...

Sheet 2026 Rule Changes
A1: Item | B1: Suggested By
A2: Limit the number of keepers each year? | B2: Bradley Small
